,trialnumber,trlid,blocknumber,arraytiltcond,probetiltcond,stim1cond,stim2cond,trialDifficultyChange,trialdifficulty,difficultyOri,stim1ori,addToStim1,stim2ori,correctResp,delay1,delay2,ITI,stim1trig,stim2trig,respcuetrig,buttonpresstrig,fbtrig,rt,resptime,PerceptDecCorrect,trlResponded,buttonResponded,buttontrig,subid,fbgiven,prevtrlfb,rewarded,unrewarded
22,1,1,1,1,0,1,-1,0,2,8,45,0,45,d,5.42,0.52,4.72,10,11,31,-100,60,0.7878720319,0.9004424482,1,1,d,40.0,15,correct,,1,0
28,2,2,1,1,1,1,1,0,2,8,38,8,46,k,5.73,0.51,3.15,10,12,32,-100,60,0.4593681193,0.6103718601,1,1,k,50.0,15,correct,correct,1,0
34,3,3,1,1,1,1,1,0,2,8,45,8,53,k,6.22,0.46,3.48,10,12,32,-100,60,0.3546126062,0.4701161416,1,1,k,50.0,15,correct,correct,1,0
40,4,4,1,0,0,-1,-1,0,2,8,-58,0,-58,d,5.11,0.42,4.42,1,2,22,-100,60,0.4722866154,0.6202101251,1,1,d,40.0,15,correct,correct,1,0
46,5,5,1,1,0,1,-1,0,2,8,43,0,43,d,6.26,0.62,3.28,10,11,31,-100,60,0.2973181405,0.480068447,1,1,d,40.0,15,correct,correct,1,0
52,6,6,1,0,1,-1,1,0,2,8,-54,8,-46,k,5.38,0.46,4.99,1,3,23,-100,60,0.3025719816,0.4001386731,1,1,k,50.0,15,correct,correct,1,0
58,7,7,1,0,1,-1,1,0,2,8,-38,8,-30,k,6.24,0.54,4.56,1,3,23,-100,60,0.2770511662,0.4401448997,1,1,k,50.0,15,correct,correct,1,0
64,8,8,1,0,0,-1,-1,0,2,8,-35,0,-35,d,4.09,0.58,4.55,1,2,22,-100,61,0.4191027359,0.5802184387,0,1,k,50.0,15,incorrect,correct,0,1
70,9,9,1,1,0,1,-1,0,2,8,42,0,42,d,6.99,0.44,4.02,10,11,31,-100,60,0.3495101537,0.5101819543,1,1,d,40.0,15,correct,incorrect,1,0
76,10,10,1,1,0,1,-1,0,2,8,35,0,35,d,6.97,0.42,3.72,10,11,31,-100,60,0.3444573088,0.4901863962,1,1,d,40.0,15,correct,correct,1,0
82,11,11,1,1,1,1,1,0,2,8,34,8,42,k,4.93,0.47,3.81,10,12,32,-100,60,0.3342107792,0.470159762,1,1,k,50.0,15,correct,correct,1,0
88,12,12,1,0,1,-1,1,0,2,8,-41,8,-33,k,5.69,0.65,3.41,1,3,23,-100,60,0.3639214387,0.5301923377,1,1,k,50.0,15,correct,correct,1,0
94,13,13,1,1,1,1,1,0,2,8,59,8,67,k,5.84,0.43,4.88,10,12,32,-100,60,0.3245763613,0.4101103654,1,1,k,50.0,15,correct,correct,1,0
100,14,14,1,1,0,1,-1,1,0,2,45,0,45,d,4.29,0.61,3.52,10,11,31,-100,60,0.3629207342,0.5402484199,1,1,d,40.0,15,correct,correct,1,0
106,15,15,1,0,1,-1,1,0,0,2,-39,2,-37,k,5.76,0.61,4.27,1,3,23,-100,60,0.2677905158,0.4201382227,1,1,k,50.0,15,correct,correct,1,0
112,16,16,1,0,0,-1,-1,0,0,2,-31,0,-31,d,6.8,0.42,4.31,1,2,22,-100,61,0.3365959341,0.5002019941,0,1,k,50.0,15,incorrect,correct,0,1
118,17,17,1,1,1,1,1,0,0,2,54,2,56,k,5.88,0.43,3.37,10,12,32,-100,60,0.4600235664,0.6402903583,1,1,k,50.0,15,correct,incorrect,1,0
124,18,18,1,1,1,1,1,0,0,2,51,2,53,k,6.88,0.5,3.04,10,12,32,-100,60,0.481075994,0.6502532124,1,1,k,50.0,15,correct,correct,1,0
130,19,19,1,0,1,-1,1,0,0,2,-45,2,-43,k,6.12,0.64,3.83,1,3,23,-100,60,0.3863631634,0.5401882636,1,1,k,50.0,15,correct,correct,1,0
136,20,20,1,1,1,1,1,0,0,2,48,2,50,k,4.78,0.56,3.24,10,12,32,-100,61,0.2682746173,0.4701583365,0,1,d,40.0,15,incorrect,correct,0,1
142,21,21,1,0,0,-1,-1,0,0,2,-37,0,-37,d,4.39,0.52,4.51,1,2,22,-100,60,0.4142605806,0.59024373,1,1,d,40.0,15,correct,incorrect,1,0
148,22,22,1,0,1,-1,1,0,0,2,-44,2,-42,k,4.88,0.66,4.31,1,3,23,-100,60,0.4896809121,0.6103034358,1,1,k,50.0,15,correct,correct,1,0
154,23,23,1,0,0,-1,-1,0,0,2,-30,0,-30,d,4.86,0.42,3.73,1,2,22,-100,61,0.325555113,0.4601130882,0,1,k,50.0,15,incorrect,correct,0,1
160,24,24,1,0,0,-1,-1,0,0,2,-48,0,-48,d,5.4,0.68,3.16,1,2,22,-100,61,0.3634570092,0.4801522667,0,1,k,50.0,15,incorrect,incorrect,0,1
166,25,25,1,1,1,1,1,0,0,2,41,2,43,k,4.51,0.62,3.66,10,12,32,-100,60,0.3514824824,0.5201841524,1,1,k,50.0,15,correct,incorrect,1,0
172,26,26,1,1,1,1,1,1,1,4,58,4,62,k,4.7,0.58,3.15,10,12,32,-100,60,0.3116247934,0.4901553202,1,1,k,50.0,15,correct,correct,1,0
178,27,27,1,0,0,-1,-1,0,1,4,-52,0,-52,d,5.57,0.49,4.78,1,2,22,-100,60,0.3887397652,0.6002208392,1,1,d,40.0,15,correct,correct,1,0
184,28,28,1,1,0,1,-1,0,1,4,38,0,38,d,5.14,0.51,4.4,10,11,31,-100,60,0.435987272,0.600177789,1,1,d,40.0,15,correct,correct,1,0
190,29,29,1,0,1,-1,1,0,1,4,-33,4,-29,k,5.03,0.48,3.33,1,3,23,-100,60,0.7340643513,0.8703962248,1,1,k,50.0,15,correct,correct,1,0
196,30,30,1,0,0,-1,-1,0,1,4,-50,0,-50,d,4.51,0.49,4.42,1,2,22,-100,60,0.5336192516,0.7303218306,1,1,d,40.0,15,correct,correct,1,0
202,31,31,1,0,1,-1,1,0,1,4,-38,4,-34,k,5.23,0.41,3.83,1,3,23,-100,60,0.3590858408,0.5201453787,1,1,k,50.0,15,correct,correct,1,0
208,32,32,1,0,0,-1,-1,0,1,4,-44,0,-44,d,5.47,0.53,3.87,1,2,22,-100,60,0.3946353687,0.5402213353,1,1,d,40.0,15,correct,correct,1,0
214,33,33,1,1,1,1,1,0,1,4,32,4,36,k,5.68,0.53,3.78,10,12,32,-100,60,0.4021891195,0.5702493123,1,1,k,50.0,15,correct,correct,1,0
220,34,34,1,1,1,1,1,0,1,4,50,4,54,k,5.97,0.43,3.9,10,12,32,-100,60,0.3352528233,0.5201827269,1,1,k,50.0,15,correct,correct,1,0
226,35,35,1,0,1,-1,1,0,1,4,-34,4,-30,k,4.69,0.43,3.06,1,3,23,-100,60,0.3334837716,0.5002213809,1,1,k,50.0,15,correct,correct,1,0
232,36,36,1,1,1,1,1,0,1,4,31,4,35,k,6.51,0.52,4.69,10,12,32,-100,61,0.6823310655,0.850390403,0,1,d,40.0,15,incorrect,correct,0,1
238,37,37,1,0,1,-1,1,0,1,4,-37,4,-33,k,6.57,0.69,3.24,1,3,23,-100,60,0.3809086112,0.580205324,1,1,k,50.0,15,correct,incorrect,1,0
244,38,38,1,1,0,1,-1,0,1,4,40,0,40,d,6.88,0.45,3.5,10,11,31,-100,60,0.3721160965,0.5501944531,1,1,d,40.0,15,correct,correct,1,0
250,39,39,1,0,1,-1,1,1,3,12,-39,12,-27,k,4.17,0.58,3.1,1,3,23,-100,60,0.5465979041,0.7303238263,1,1,k,50.0,15,correct,correct,1,0
256,40,40,1,1,0,1,-1,0,3,12,47,0,47,d,4.29,0.5,4.53,10,11,31,-100,61,0.3681529076,0.550197019,0,1,k,50.0,15,incorrect,correct,0,1
262,41,41,1,1,0,1,-1,0,3,12,52,0,52,d,5.2,0.45,3.09,10,11,31,-100,60,0.3042777408,0.4701617578,1,1,d,40.0,15,correct,incorrect,1,0
268,42,42,1,1,0,1,-1,0,3,12,36,0,36,d,4.56,0.5,3.43,10,11,31,-100,60,0.4304124071,0.5801733927,1,1,d,40.0,15,correct,correct,1,0
274,43,43,1,1,0,1,-1,0,3,12,38,0,38,d,4.85,0.66,3.24,10,11,31,-100,60,0.310714751,0.4801582539,1,1,d,40.0,15,correct,correct,1,0
280,44,44,1,1,0,1,-1,0,3,12,56,0,56,d,4.43,0.62,3.84,10,11,31,-100,60,0.3485422359,0.5101406147,1,1,d,40.0,15,correct,correct,1,0
286,45,45,1,0,0,-1,-1,0,3,12,-49,0,-49,d,6.92,0.5,4.55,1,2,22,-100,61,0.2869401793,0.4701731618,0,1,k,50.0,15,incorrect,correct,0,1
292,46,46,1,0,0,-1,-1,0,3,12,-36,0,-36,d,6.75,0.61,3.77,1,2,22,-100,61,0.29579228,0.4901812644,0,1,k,50.0,15,incorrect,incorrect,0,1
298,47,47,1,1,0,1,-1,0,3,12,56,0,56,d,6.86,0.44,4.78,10,11,31,-100,61,0.2942715513,0.4901844005,0,1,k,50.0,15,incorrect,incorrect,0,1
304,48,48,1,0,1,-1,1,0,3,12,-54,12,-42,k,5.93,0.54,3.19,1,3,23,-100,60,0.2976956142,0.4801916107,1,1,k,50.0,15,correct,incorrect,1,0
310,49,49,1,0,0,-1,-1,0,3,12,-31,0,-31,d,6.41,0.52,3.03,1,2,22,-100,61,0.299176999,0.4601644063,0,1,k,50.0,15,incorrect,correct,0,1
316,50,50,1,0,1,-1,1,0,3,12,-37,12,-25,k,6.7,0.55,3.55,1,3,23,-100,60,0.2641198405,0.4101103654,1,1,k,50.0,15,correct,incorrect,1,0
322,51,51,1,1,1,1,1,1,1,4,37,4,41,k,5.19,0.44,4.12,10,12,32,-100,60,0.2898764344,0.4401862394,1,1,k,50.0,15,correct,correct,1,0
328,52,52,1,0,1,-1,1,0,1,4,-46,4,-42,k,6.58,0.52,4.98,1,3,23,-100,62,,,-1,0,,,15,timed out,correct,0,0
333,53,53,1,0,1,-1,1,0,1,4,-52,4,-48,k,6.83,0.66,3.83,1,3,23,-100,60,0.30999202,0.4702384499,1,1,k,50.0,15,correct,timed out,1,0
339,54,54,1,1,1,1,1,0,1,4,41,4,45,k,5.99,0.54,4.0,10,12,32,-100,60,0.2794195002,0.4801673771,1,1,k,50.0,15,correct,correct,1,0
345,55,55,1,1,0,1,-1,0,1,4,39,0,39,d,6.91,0.67,4.37,10,11,31,-100,60,0.331672525,0.5302028864,1,1,d,40.0,15,correct,correct,1,0
351,56,56,1,0,0,-1,-1,0,1,4,-31,0,-31,d,6.28,0.6,3.59,1,2,22,-100,61,0.3006783408,0.4801970276,0,1,k,50.0,15,incorrect,correct,0,1
357,57,57,1,0,0,-1,-1,0,1,4,-52,0,-52,d,6.13,0.58,4.06,1,2,22,-100,60,0.2958453088,0.4901727113,1,1,d,40.0,15,correct,incorrect,1,0
363,58,58,1,1,1,1,1,0,1,4,39,4,43,k,5.26,0.63,3.18,10,12,32,-100,61,0.4377172648,0.6202534605,0,1,d,40.0,15,incorrect,correct,0,1
369,59,59,1,0,0,-1,-1,0,1,4,-33,0,-33,d,5.73,0.62,3.88,1,2,22,-100,61,0.4449197712,0.6102110631,0,1,k,50.0,15,incorrect,incorrect,0,1
375,60,60,1,1,0,1,-1,0,1,4,41,0,41,d,6.2,0.61,3.36,10,11,31,-100,60,0.4203061471,0.5702125342,1,1,d,40.0,15,correct,incorrect,1,0
381,61,61,1,1,1,1,1,0,1,4,42,4,46,k,5.41,0.47,4.02,10,12,32,-100,60,0.3057477215,0.4501653443,1,1,k,50.0,15,correct,correct,1,0
387,62,62,1,0,1,-1,1,0,1,4,-48,4,-44,k,6.13,0.53,3.96,1,3,23,-100,60,0.4347530698,0.54023445,1,1,k,50.0,15,correct,correct,1,0
393,63,63,1,0,0,-1,-1,0,1,4,-38,0,-38,d,6.56,0.65,4.27,1,2,22,-100,61,0.3371738338,0.4702564113,0,1,k,50.0,15,incorrect,correct,0,1
399,64,64,1,1,0,1,-1,0,1,4,52,0,52,d,5.04,0.5,4.87,10,11,31,-100,61,0.3144758033,0.4801685175,0,1,k,50.0,15,incorrect,incorrect,0,1
405,1,65,2,0,0,-1,-1,0,0,2,-57,0,-57,d,4.17,0.61,3.33,1,2,22,-100,61,0.6800294452,0.8803952868,0,1,k,50.0,15,incorrect,incorrect,0,1
411,2,66,2,0,1,-1,1,0,0,2,-60,2,-58,k,6.46,0.41,4.28,1,3,23,-100,60,0.370409482,0.5802309831,1,1,k,50.0,15,correct,incorrect,1,0
417,3,67,2,0,1,-1,1,0,0,2,-37,2,-35,k,4.65,0.43,4.47,1,3,23,-100,60,0.4420656251,0.6102675131,1,1,k,50.0,15,correct,correct,1,0
423,4,68,2,1,1,1,1,0,0,2,45,2,47,k,4.38,0.46,4.82,10,12,32,-100,60,0.3897932134,0.5702478868,1,1,k,50.0,15,correct,correct,1,0
429,5,69,2,1,0,1,-1,0,0,2,43,0,43,d,6.69,0.62,3.39,10,11,31,-100,62,,,-1,0,,,15,timed out,correct,0,0
434,6,70,2,0,1,-1,1,0,0,2,-39,2,-37,k,6.68,0.66,4.49,1,3,23,-100,60,0.3185045655,0.5201097411,1,1,k,50.0,15,correct,timed out,1,0
440,7,71,2,0,0,-1,-1,0,0,2,-44,0,-44,d,4.42,0.65,4.5,1,2,22,-100,60,0.5422056382,0.7403037865,1,1,d,40.0,15,correct,correct,1,0
446,8,72,2,0,0,-1,-1,0,0,2,-40,0,-40,d,6.83,0.45,4.2,1,2,22,-100,61,0.3466186595,0.5401882636,0,1,k,50.0,15,incorrect,correct,0,1
452,9,73,2,1,1,1,1,0,0,2,55,2,57,k,4.12,0.65,4.36,10,12,32,-100,60,0.2865396124,0.4801397223,1,1,k,50.0,15,correct,incorrect,1,0
458,10,74,2,0,0,-1,-1,0,0,2,-52,0,-52,d,6.98,0.46,4.25,1,2,22,-100,61,0.3488327538,0.5001757648,0,1,k,50.0,15,incorrect,correct,0,1
464,11,75,2,1,1,1,1,0,0,2,55,2,57,k,5.01,0.41,3.96,10,12,32,-100,60,0.2869148053,0.4201938174,1,1,k,50.0,15,correct,incorrect,1,0
470,12,76,2,0,1,-1,1,0,0,2,-40,2,-38,k,5.62,0.56,4.79,1,3,23,-100,60,0.3458286446,0.5302619023,1,1,k,50.0,15,correct,correct,1,0
476,13,77,2,0,1,-1,1,0,0,2,-49,2,-47,k,5.55,0.45,4.31,1,3,23,-100,61,0.2928585908,0.4901838303,0,1,d,40.0,15,incorrect,correct,0,1
482,14,78,2,0,1,-1,1,0,0,2,-50,2,-48,k,6.87,0.45,4.14,1,3,23,-100,60,0.4575543067,0.6402592822,1,1,k,50.0,15,correct,incorrect,1,0
488,15,79,2,0,1,-1,1,1,2,8,-56,8,-48,k,6.15,0.49,4.51,1,3,23,-100,60,0.3143745925,0.5102250046,1,1,k,50.0,15,correct,correct,1,0
494,16,80,2,1,1,1,1,0,2,8,35,8,43,k,6.24,0.46,3.68,10,12,32,-100,61,0.3774700081,0.5601898088,0,1,d,40.0,15,incorrect,correct,0,1
500,17,81,2,1,0,1,-1,0,2,8,55,0,55,d,6.05,0.58,3.1,10,11,31,-100,61,0.2990281762,0.4501624933,0,1,k,50.0,15,incorrect,incorrect,0,1
506,18,82,2,1,1,1,1,0,2,8,60,8,68,k,4.97,0.5,3.37,10,12,32,-100,60,0.3051105208,0.4201422141,1,1,k,50.0,15,correct,incorrect,1,0
512,19,83,2,1,1,1,1,0,2,8,57,8,65,k,6.69,0.56,3.83,10,12,32,-100,60,0.3179061385,0.4801762152,1,1,k,50.0,15,correct,correct,1,0
518,20,84,2,0,0,-1,-1,0,2,8,-39,0,-39,d,5.27,0.56,4.06,1,2,22,-100,61,0.3194168886,0.4701945444,0,1,k,50.0,15,incorrect,correct,0,1
524,21,85,2,0,0,-1,-1,0,2,8,-46,0,-46,d,4.75,0.45,4.05,1,2,22,-100,60,0.3532307217,0.5702313509,1,1,d,40.0,15,correct,incorrect,1,0
530,22,86,2,0,0,-1,-1,0,2,8,-46,0,-46,d,4.14,0.55,4.21,1,2,22,-100,61,0.3754024557,0.5101694099,0,1,k,50.0,15,incorrect,correct,0,1
536,23,87,2,1,0,1,-1,0,2,8,60,0,60,d,5.66,0.52,3.02,10,11,31,-100,61,0.7452522844,0.9104369486,0,1,k,50.0,15,incorrect,incorrect,0,1
542,24,88,2,0,0,-1,-1,0,2,8,-32,0,-32,d,4.47,0.57,3.93,1,2,22,-100,61,0.3507511983,0.5001720585,0,1,k,50.0,15,incorrect,incorrect,0,1
548,25,89,2,1,1,1,1,0,2,8,36,8,44,k,5.65,0.43,4.13,10,12,32,-100,60,0.3222308354,0.4701717363,1,1,k,50.0,15,correct,incorrect,1,0
554,26,90,2,1,0,1,-1,0,2,8,60,0,60,d,4.74,0.65,4.15,10,11,31,-100,61,0.2579368553,0.410134599,0,1,k,50.0,15,incorrect,correct,0,1
560,27,91,2,1,0,1,-1,0,2,8,31,0,31,d,6.19,0.61,4.0,10,11,31,-100,60,0.3368556611,0.5000788304,1,1,d,40.0,15,correct,incorrect,1,0
566,28,92,2,1,0,1,-1,1,3,12,52,0,52,d,6.95,0.54,3.96,10,11,31,-100,61,0.4437856394,0.5402016633,0,1,k,50.0,15,incorrect,correct,0,1
572,29,93,2,0,1,-1,1,0,3,12,-31,12,-19,k,5.31,0.58,4.77,1,3,23,-100,60,0.2966692506,0.4301908837,1,1,k,50.0,15,correct,incorrect,1,0
578,30,94,2,0,0,-1,-1,0,3,12,-36,0,-36,d,6.98,0.4,4.58,1,2,22,-100,61,0.7530506519,0.8904194377,0,1,k,50.0,15,incorrect,correct,0,1
584,31,95,2,1,1,1,1,0,3,12,52,12,64,k,6.34,0.6,4.81,10,12,32,-100,60,0.3072958199,0.4101488541,1,1,k,50.0,15,correct,incorrect,1,0
590,32,96,2,0,1,-1,1,0,3,12,-42,12,-30,k,4.01,0.68,3.94,1,3,23,-100,60,0.2856814584,0.4301686458,1,1,k,50.0,15,correct,correct,1,0
596,33,97,2,1,1,1,1,0,3,12,51,12,63,k,6.5,0.53,3.42,10,12,32,-100,60,0.2405867492,0.4201553287,1,1,k,50.0,15,correct,correct,1,0
602,34,98,2,1,0,1,-1,0,3,12,52,0,52,d,4.65,0.43,3.31,10,11,31,-100,60,0.5450857284,0.7403402794,1,1,d,40.0,15,correct,correct,1,0
608,35,99,2,1,0,1,-1,0,3,12,41,0,41,d,5.49,0.61,3.42,10,11,31,-100,60,0.3585307491,0.5702093981,1,1,d,40.0,15,correct,correct,1,0
614,36,100,2,0,1,-1,1,0,3,12,-33,12,-21,k,6.82,0.49,4.52,1,3,23,-100,60,0.3448687096,0.4901524692,1,1,k,50.0,15,correct,correct,1,0
620,37,101,2,0,1,-1,1,0,3,12,-59,12,-47,k,4.82,0.49,3.24,1,3,23,-100,60,0.3772604589,0.4101665303,1,1,k,50.0,15,correct,correct,1,0
626,38,102,2,1,1,1,1,0,3,12,57,12,69,k,5.76,0.56,3.67,10,12,32,-100,60,0.322799897,0.440182248,1,1,k,50.0,15,correct,correct,1,0
632,39,103,2,0,0,-1,-1,0,3,12,-47,0,-47,d,6.94,0.47,3.93,1,2,22,-100,60,0.2954812348,0.4901490479,1,1,d,40.0,15,correct,correct,1,0
638,40,104,2,1,0,1,-1,0,3,12,53,0,53,d,5.42,0.45,3.03,10,11,31,-100,60,0.6755872867,0.7603113189,1,1,d,40.0,15,correct,correct,1,0
644,41,105,2,1,0,1,-1,1,1,4,40,0,40,d,5.33,0.46,3.3,10,11,31,-100,60,0.3334276067,0.5302248392,1,1,d,40.0,15,correct,correct,1,0
650,42,106,2,0,0,-1,-1,0,1,4,-34,0,-34,d,5.99,0.47,3.22,1,2,22,-100,61,0.3408256924,0.4401545932,0,1,k,50.0,15,incorrect,correct,0,1
656,43,107,2,0,1,-1,1,0,1,4,-32,4,-28,k,5.88,0.58,4.04,1,3,23,-100,60,0.3799022047,0.5101879414,1,1,k,50.0,15,correct,incorrect,1,0
662,44,108,2,0,0,-1,-1,0,1,4,-45,0,-45,d,4.92,0.43,4.65,1,2,22,-100,61,0.3812282094,0.5301860655,0,1,k,50.0,15,incorrect,correct,0,1
668,45,109,2,0,0,-1,-1,0,1,4,-50,0,-50,d,6.95,0.52,3.35,1,2,22,-100,60,0.6562560139,0.8403557034,1,1,d,40.0,15,correct,incorrect,1,0
674,46,110,2,0,1,-1,1,0,1,4,-31,4,-27,k,5.15,0.57,3.35,1,3,23,-100,60,0.2542014621,0.3901156626,1,1,k,50.0,15,correct,correct,1,0
680,47,111,2,1,0,1,-1,0,1,4,38,0,38,d,4.7,0.68,4.3,10,11,31,-100,61,0.31182693,0.4802001637,0,1,k,50.0,15,incorrect,correct,0,1
686,48,112,2,0,0,-1,-1,0,1,4,-45,0,-45,d,4.04,0.51,3.94,1,2,22,-100,61,0.280034463,0.4401640015,0,1,k,50.0,15,incorrect,incorrect,0,1
692,49,113,2,0,1,-1,1,0,1,4,-40,4,-36,k,4.58,0.58,4.68,1,3,23,-100,61,0.3076510558,0.5201929906,0,1,d,40.0,15,incorrect,incorrect,0,1
698,50,114,2,1,0,1,-1,0,1,4,33,0,33,d,4.02,0.68,3.41,10,11,31,-100,61,0.4878192026,0.640247308,0,1,k,50.0,15,incorrect,incorrect,0,1
704,51,115,2,0,0,-1,-1,0,1,4,-34,0,-34,d,4.61,0.63,4.03,1,2,22,-100,60,0.3058272647,0.5001797562,1,1,d,40.0,15,correct,incorrect,1,0
710,52,116,2,1,1,1,1,0,1,4,31,4,35,k,4.79,0.46,3.37,10,12,32,-100,60,0.2840352852,0.4301421314,1,1,k,50.0,15,correct,correct,1,0
716,53,117,2,1,1,1,1,1,3,12,38,12,50,k,4.55,0.66,3.67,10,12,32,-100,60,0.4498246486,0.61023045,1,1,k,50.0,15,correct,correct,1,0
722,54,118,2,1,1,1,1,0,3,12,44,12,56,k,4.97,0.56,3.44,10,12,32,-100,60,0.2820022301,0.4801696579,1,1,k,50.0,15,correct,correct,1,0
728,55,119,2,1,0,1,-1,0,3,12,47,0,47,d,6.49,0.47,3.59,10,11,31,-100,60,0.620924018,0.830355501,1,1,d,40.0,15,correct,correct,1,0
734,56,120,2,0,1,-1,1,0,3,12,-50,12,-38,k,5.99,0.6,4.22,1,3,23,-100,60,0.3338441393,0.5001871688,1,1,k,50.0,15,correct,correct,1,0
740,57,121,2,1,0,1,-1,0,3,12,59,0,59,d,5.05,0.62,4.98,10,11,31,-100,61,0.2650772096,0.4001053163,0,1,k,50.0,15,incorrect,correct,0,1
746,58,122,2,1,0,1,-1,0,3,12,39,0,39,d,4.27,0.45,4.9,10,11,31,-100,60,0.2968320433,0.4902117702,1,1,d,40.0,15,correct,incorrect,1,0
752,59,123,2,1,1,1,1,0,3,12,53,12,65,k,4.61,0.6,3.74,10,12,32,-100,60,0.1848249865,0.3301093163,1,1,k,50.0,15,correct,correct,1,0
758,60,124,2,1,1,1,1,0,3,12,59,12,71,k,4.89,0.41,3.59,10,12,32,-100,60,0.2806805019,0.4000973335,1,1,k,50.0,15,correct,correct,1,0
764,61,125,2,0,0,-1,-1,0,3,12,-34,0,-34,d,5.26,0.66,3.48,1,2,22,-100,61,0.2566014422,0.4100690258,0,1,k,50.0,15,incorrect,correct,0,1
770,62,126,2,1,1,1,1,0,3,12,46,12,58,k,6.42,0.57,4.88,10,12,32,-100,60,0.2832535383,0.4801730791,1,1,k,50.0,15,correct,incorrect,1,0
776,63,127,2,0,1,-1,1,0,3,12,-39,12,-27,k,5.04,0.57,3.13,1,3,23,-100,60,0.2732975265,0.3700941603,1,1,k,50.0,15,correct,correct,1,0
782,64,128,2,1,0,1,-1,0,3,12,51,0,51,d,5.29,0.42,3.85,10,11,31,-100,60,0.4870280474,0.700365699,1,1,d,40.0,15,correct,correct,1,0
788,1,129,3,1,1,1,1,0,3,12,42,12,54,k,6.21,0.68,3.81,10,12,32,-100,60,0.3042426734,0.4501385448,1,1,k,50.0,15,correct,correct,1,0
794,2,130,3,1,0,1,-1,0,3,12,60,0,60,d,6.33,0.6,3.07,10,11,31,-100,60,0.2796926269,0.3801191665,1,1,d,40.0,15,correct,correct,1,0
800,3,131,3,1,0,1,-1,0,3,12,45,0,45,d,5.46,0.58,3.0,10,11,31,-100,60,0.3997526464,0.5202311941,1,1,d,40.0,15,correct,correct,1,0
806,4,132,3,0,0,-1,-1,0,3,12,-36,0,-36,d,6.16,0.58,4.03,1,2,22,-100,61,0.3026050533,0.4501505191,0,1,k,50.0,15,incorrect,correct,0,1
812,5,133,3,1,1,1,1,0,3,12,45,12,57,k,5.02,0.65,3.67,10,12,32,-100,60,0.2663074204,0.3700970113,1,1,k,50.0,15,correct,incorrect,1,0
818,6,134,3,0,0,-1,-1,0,3,12,-32,0,-32,d,5.21,0.4,3.52,1,2,22,-100,61,0.3025488884,0.4201912515,0,1,k,50.0,15,incorrect,correct,0,1
824,7,135,3,1,0,1,-1,0,3,12,30,0,30,d,5.89,0.51,4.43,10,11,31,-100,60,0.2933224501,0.4601892101,1,1,d,40.0,15,correct,incorrect,1,0
830,8,136,3,0,1,-1,1,0,3,12,-51,12,-39,k,5.45,0.51,4.06,1,3,23,-100,60,0.2330968611,0.3500803557,1,1,k,50.0,15,correct,correct,1,0
836,9,137,3,1,0,1,-1,0,3,12,41,0,41,d,6.74,0.43,3.66,10,11,31,-100,60,0.3801550892,0.5102138856,1,1,d,40.0,15,correct,correct,1,0
848,11,139,3,1,1,1,1,0,3,12,41,12,53,k,5.21,0.65,3.23,10,12,32,-100,60,0.2941806041,0.4401315,1,1,k,50.0,15,correct,correct,1,0
854,12,140,3,1,1,1,1,0,3,12,49,12,61,k,4.93,0.67,3.36,10,12,32,-100,60,0.4563634399,0.6402518696,1,1,k,50.0,15,correct,correct,1,0
860,13,141,3,1,0,1,-1,1,1,4,49,0,49,d,6.95,0.63,4.91,10,11,31,-100,60,0.6083687405,0.7703451632,1,1,d,40.0,15,correct,correct,1,0
866,14,142,3,0,0,-1,-1,0,1,4,-50,0,-50,d,4.55,0.61,3.51,1,2,22,-100,61,0.3144892031,0.430140991,0,1,k,50.0,15,incorrect,correct,0,1
872,15,143,3,0,0,-1,-1,0,1,4,-32,0,-32,d,4.45,0.56,4.43,1,2,22,-100,60,0.5439555881,0.7102857881,1,1,d,40.0,15,correct,incorrect,1,0
878,16,144,3,1,1,1,1,0,1,4,30,4,34,k,5.24,0.42,3.84,10,12,32,-100,61,0.3757172072,0.5702039812,0,1,d,40.0,15,incorrect,correct,0,1
884,17,145,3,1,1,1,1,0,1,4,35,4,39,k,6.8,0.6,4.01,10,12,32,-100,60,0.2602179483,0.4301047832,1,1,k,50.0,15,correct,incorrect,1,0
890,18,146,3,0,1,-1,1,0,1,4,-46,4,-42,k,7.0,0.43,3.5,1,3,23,-100,60,0.3274048483,0.4902006512,1,1,k,50.0,15,correct,correct,1,0
896,19,147,3,0,0,-1,-1,0,1,4,-44,0,-44,d,6.59,0.63,3.4,1,2,22,-100,61,0.3141607667,0.5002165342,0,1,k,50.0,15,incorrect,correct,0,1
902,20,148,3,1,0,1,-1,0,1,4,35,0,35,d,5.5,0.51,3.93,10,11,31,-100,60,0.3797887345,0.540200808,1,1,d,40.0,15,correct,incorrect,1,0
908,21,149,3,1,0,1,-1,0,1,4,34,0,34,d,5.98,0.51,3.28,10,11,31,-100,60,0.5274975631,0.7403322966,1,1,d,40.0,15,correct,correct,1,0
914,22,150,3,1,0,1,-1,0,1,4,56,0,56,d,6.52,0.53,4.05,10,11,31,-100,61,0.2483104202,0.3601401442,0,1,k,50.0,15,incorrect,correct,0,1
920,23,151,3,0,1,-1,1,0,1,4,-46,4,-42,k,5.14,0.67,3.19,1,3,23,-100,60,0.2261820216,0.3400983998,1,1,k,50.0,15,correct,incorrect,1,0
926,24,152,3,0,1,-1,1,0,1,4,-56,4,-52,k,5.91,0.66,4.65,1,3,23,-100,61,0.3389032564,0.5201450936,0,1,d,40.0,15,incorrect,correct,0,1
932,25,153,3,1,0,1,-1,1,0,2,42,0,42,d,4.63,0.47,3.32,10,11,31,-100,61,0.4492262216,0.6002105756,0,1,k,50.0,15,incorrect,incorrect,0,1
938,26,154,3,1,1,1,1,0,0,2,45,2,47,k,6.85,0.59,4.19,10,12,32,-100,60,0.4197539065,0.5702478868,1,1,k,50.0,15,correct,incorrect,1,0
944,27,155,3,0,0,-1,-1,0,0,2,-45,0,-45,d,4.73,0.52,3.3,1,2,22,-100,60,0.5898123722,0.8503752927,1,1,d,40.0,15,correct,correct,1,0
950,28,156,3,1,0,1,-1,0,0,2,56,0,56,d,4.79,0.42,3.99,10,11,31,-100,61,0.4214511127,0.5401962464,0,1,k,50.0,15,incorrect,correct,0,1
956,29,157,3,1,1,1,1,0,0,2,44,2,46,k,5.7,0.43,4.84,10,12,32,-100,60,0.5366755343,0.6702704383,1,1,k,50.0,15,correct,incorrect,1,0
962,30,158,3,1,0,1,-1,0,0,2,48,0,48,d,6.06,0.51,3.8,10,11,31,-100,60,0.3056824334,0.5301980397,1,1,d,40.0,15,correct,correct,1,0
968,31,159,3,1,1,1,1,0,0,2,31,2,33,k,4.5,0.46,4.11,10,12,32,-100,61,0.2355803758,0.5101848053,0,1,d,40.0,15,incorrect,correct,0,1
980,33,161,3,0,0,-1,-1,0,0,2,-36,0,-36,d,6.39,0.69,4.92,1,2,22,-100,60,0.7901229042,0.9704278995,1,1,d,40.0,15,correct,correct,1,0
986,34,162,3,0,0,-1,-1,0,0,2,-47,0,-47,d,6.42,0.67,3.17,1,2,22,-100,60,0.5232603921,0.7003240743,1,1,d,40.0,15,correct,correct,1,0
992,35,163,3,0,0,-1,-1,0,0,2,-42,0,-42,d,4.95,0.58,3.18,1,2,22,-100,61,0.301336639,0.4701489282,0,1,k,50.0,15,incorrect,correct,0,1
998,36,164,3,0,0,-1,-1,0,0,2,-48,0,-48,d,6.09,0.42,3.1,1,2,22,-100,60,0.2689143839,0.5001803264,1,1,d,40.0,15,correct,incorrect,1,0
1004,37,165,3,0,0,-1,-1,0,0,2,-41,0,-41,d,5.8,0.47,4.0,1,2,22,-100,61,0.5324107085,0.6503969033,0,1,k,50.0,15,incorrect,correct,0,1
1010,38,166,3,0,0,-1,-1,1,2,8,-55,0,-55,d,5.54,0.52,3.98,1,2,22,-100,60,0.9075574286,1.1005063679,1,1,d,40.0,15,correct,incorrect,1,0
1016,39,167,3,1,1,1,1,0,2,8,41,8,49,k,5.74,0.63,4.85,10,12,32,-100,60,0.5260335695,0.6602574063,1,1,k,50.0,15,correct,correct,1,0
1022,40,168,3,1,0,1,-1,0,2,8,36,0,36,d,6.97,0.68,3.56,10,11,31,-100,60,0.494592632,0.7103185747,1,1,d,40.0,15,correct,correct,1,0
1028,41,169,3,0,1,-1,1,0,2,8,-37,8,-29,k,6.89,0.61,4.85,1,3,23,-100,60,0.3968591564,0.5501656579,1,1,k,50.0,15,correct,correct,1,0
1034,42,170,3,1,1,1,1,0,2,8,31,8,39,k,4.89,0.44,4.93,10,12,32,-100,60,0.3261518294,0.4901687199,1,1,k,50.0,15,correct,correct,1,0
1040,43,171,3,0,1,-1,1,0,2,8,-52,8,-44,k,4.22,0.44,4.86,1,3,23,-100,60,0.4116396472,0.5602234508,1,1,k,50.0,15,correct,correct,1,0
1046,44,172,3,1,1,1,1,0,2,8,57,8,65,k,6.05,0.55,3.36,10,12,32,-100,60,0.4772502237,0.6102307351,1,1,k,50.0,15,correct,correct,1,0
1052,45,173,3,0,1,-1,1,0,2,8,-33,8,-25,k,4.07,0.52,4.26,1,3,23,-100,60,0.339240816,0.4701762979,1,1,k,50.0,15,correct,correct,1,0
1058,46,174,3,1,0,1,-1,0,2,8,53,0,53,d,6.35,0.62,4.96,10,11,31,-100,60,0.427636949,0.6202312226,1,1,d,40.0,15,correct,correct,1,0
1064,47,175,3,0,1,-1,1,0,2,8,-30,8,-22,k,6.65,0.65,4.39,1,3,23,-100,60,0.3060470776,0.4401754055,1,1,k,50.0,15,correct,correct,1,0
1070,48,176,3,1,0,1,-1,0,2,8,55,0,55,d,4.34,0.69,3.11,10,11,31,-100,61,0.4465696506,0.5802207195,0,1,k,50.0,15,incorrect,correct,0,1
1082,50,178,3,0,1,-1,1,0,2,8,-37,8,-29,k,4.04,0.65,4.24,1,3,23,-100,60,0.2953192974,0.3600754263,1,1,k,50.0,15,correct,correct,1,0
1088,51,179,3,0,0,-1,-1,0,2,8,-48,0,-48,d,5.19,0.46,4.12,1,2,22,-100,60,0.7668632248,0.9204639505,1,1,d,40.0,15,correct,correct,1,0
1094,52,180,3,0,1,-1,1,0,2,8,-53,8,-45,k,4.93,0.53,4.11,1,3,23,-100,60,0.3183306539,0.4001443751,1,1,k,50.0,15,correct,correct,1,0
1100,53,181,3,1,1,1,1,1,0,2,43,2,45,k,6.31,0.69,4.35,10,12,32,-100,60,0.4529829974,0.5401805659,1,1,k,50.0,15,correct,correct,1,0
1106,54,182,3,0,1,-1,1,0,0,2,-49,2,-47,k,6.24,0.65,3.28,1,3,23,-100,61,0.7344509482,0.9004561331,0,1,d,40.0,15,incorrect,correct,0,1
1112,55,183,3,0,1,-1,1,0,0,2,-57,2,-55,k,5.65,0.63,4.76,1,3,23,-100,61,0.3069280397,0.490188677,0,1,d,40.0,15,incorrect,incorrect,0,1
1118,56,184,3,0,0,-1,-1,0,0,2,-56,0,-56,d,5.42,0.59,3.55,1,2,22,-100,61,0.3145918394,0.4601914909,0,1,k,50.0,15,incorrect,incorrect,0,1
1124,57,185,3,1,1,1,1,0,0,2,39,2,41,k,5.87,0.6,4.66,10,12,32,-100,61,0.3435532536,0.5601975066,0,1,d,40.0,15,incorrect,incorrect,0,1
1130,58,186,3,1,0,1,-1,0,0,2,36,0,36,d,6.39,0.4,3.96,10,11,31,-100,60,0.2584426244,0.440134351,1,1,d,40.0,15,correct,incorrect,1,0
1136,59,187,3,0,1,-1,1,0,0,2,-39,2,-37,k,6.6,0.67,4.9,1,3,23,-100,60,0.2806779359,0.4101297523,1,1,k,50.0,15,correct,correct,1,0
1142,60,188,3,1,0,1,-1,0,0,2,60,0,60,d,6.22,0.42,4.58,10,11,31,-100,61,0.2596471761,0.4201094275,0,1,k,50.0,15,incorrect,correct,0,1
1148,61,189,3,0,1,-1,1,0,0,2,-51,2,-49,k,5.11,0.63,3.75,1,3,23,-100,60,0.3113191651,0.4301389953,1,1,k,50.0,15,correct,incorrect,1,0
1154,62,190,3,0,0,-1,-1,0,0,2,-51,0,-51,d,5.01,0.52,4.66,1,2,22,-100,61,0.3728727546,0.4401389126,0,1,k,50.0,15,incorrect,correct,0,1
1160,63,191,3,0,1,-1,1,0,0,2,-45,2,-43,k,4.97,0.66,4.14,1,3,23,-100,60,0.2623131555,0.4000867847,1,1,k,50.0,15,correct,incorrect,1,0
1166,64,192,3,0,1,-1,1,0,0,2,-49,2,-47,k,4.31,0.47,3.52,1,3,23,-100,61,0.884672657,1.1004835598,0,1,d,40.0,15,incorrect,correct,0,1
1172,1,193,4,0,0,-1,-1,0,2,8,-38,0,-38,d,4.72,0.63,3.76,1,2,22,-100,60,0.3884347072,0.5701945729,1,1,d,40.0,15,correct,incorrect,1,0
1178,2,194,4,1,0,1,-1,0,2,8,60,0,60,d,6.6,0.52,4.78,10,11,31,-100,60,0.3107865965,0.4802138486,1,1,d,40.0,15,correct,correct,1,0
1184,3,195,4,0,0,-1,-1,0,2,8,-30,0,-30,d,4.49,0.57,3.34,1,2,22,-100,61,0.309170359,0.460166402,0,1,k,50.0,15,incorrect,correct,0,1
1190,4,196,4,1,1,1,1,0,2,8,46,8,54,k,4.22,0.47,3.15,10,12,32,-100,60,0.2976346026,0.4102292526,1,1,k,50.0,15,correct,incorrect,1,0
1196,5,197,4,1,1,1,1,0,2,8,39,8,47,k,6.79,0.47,3.94,10,12,32,-100,61,0.4885735799,0.6902947916,0,1,d,40.0,15,incorrect,correct,0,1
1202,6,198,4,0,0,-1,-1,0,2,8,-54,0,-54,d,5.54,0.44,4.76,1,2,22,-100,61,0.315451704,0.4201148444,0,1,k,50.0,15,incorrect,incorrect,0,1
1208,7,199,4,0,0,-1,-1,0,2,8,-46,0,-46,d,6.87,0.58,3.52,1,2,22,-100,61,0.8485343956,1.0004498894,0,1,k,50.0,15,incorrect,incorrect,0,1
1214,8,200,4,0,1,-1,1,0,2,8,-52,8,-44,k,4.5,0.54,3.15,1,3,23,-100,60,0.4905521808,0.6102566793,1,1,k,50.0,15,correct,incorrect,1,0
1220,9,201,4,1,0,1,-1,0,2,8,51,0,51,d,4.0,0.58,3.6,10,11,31,-100,61,0.2808683834,0.5102224386,0,1,k,50.0,15,incorrect,correct,0,1
1226,10,202,4,1,1,1,1,0,2,8,57,8,65,k,5.29,0.63,3.38,10,12,32,-100,60,0.3748225603,0.4902180424,1,1,k,50.0,15,correct,incorrect,1,0
1232,11,203,4,0,0,-1,-1,0,2,8,-42,0,-42,d,6.18,0.69,3.68,1,2,22,-100,61,0.2237181788,0.4001215671,0,1,k,50.0,15,incorrect,correct,0,1
1238,12,204,4,1,1,1,1,0,2,8,38,8,46,k,5.42,0.41,4.97,10,12,32,-100,60,0.3607759195,0.4601669722,1,1,k,50.0,15,correct,incorrect,1,0
1244,13,205,4,1,0,1,-1,1,0,2,44,0,44,d,6.35,0.57,3.65,10,11,31,-100,60,0.3900814505,0.5702082577,1,1,d,40.0,15,correct,correct,1,0
1250,14,206,4,0,0,-1,-1,0,0,2,-34,0,-34,d,4.78,0.44,4.86,1,2,22,-100,61,0.4592535087,0.6102749257,0,1,k,50.0,15,incorrect,correct,0,1
1256,15,207,4,0,0,-1,-1,0,0,2,-47,0,-47,d,6.75,0.7,3.01,1,2,22,-100,60,0.6625675796,0.8303318376,1,1,d,40.0,15,correct,incorrect,1,0
1262,16,208,4,1,1,1,1,0,0,2,58,2,60,k,5.92,0.56,3.77,10,12,32,-100,60,0.135706647,0.2500606552,1,1,k,50.0,15,correct,correct,1,0
1268,17,209,4,1,1,1,1,0,0,2,34,2,36,k,5.29,0.47,3.3,10,12,32,-100,61,0.3076929656,0.4601401728,0,1,d,40.0,15,incorrect,correct,0,1
1274,18,210,4,1,0,1,-1,0,0,2,50,0,50,d,6.91,0.55,4.84,10,11,31,-100,60,0.4200219015,0.6002043034,1,1,d,40.0,15,correct,incorrect,1,0
1280,19,211,4,0,1,-1,1,0,0,2,-55,2,-53,k,4.71,0.64,4.64,1,3,23,-100,61,0.4573048434,0.6402681204,0,1,d,40.0,15,incorrect,correct,0,1
1286,20,212,4,1,0,1,-1,0,0,2,56,0,56,d,4.91,0.44,3.09,10,11,31,-100,60,0.5294467986,0.8203225119,1,1,d,40.0,15,correct,incorrect,1,0
1292,21,213,4,0,0,-1,-1,0,0,2,-51,0,-51,d,5.23,0.55,4.81,1,2,22,-100,61,0.3702184643,0.4901310866,0,1,k,50.0,15,incorrect,correct,0,1
1298,22,214,4,1,1,1,1,0,0,2,47,2,49,k,6.58,0.45,3.87,10,12,32,-100,60,0.3074186985,0.4401868096,1,1,k,50.0,15,correct,incorrect,1,0
1304,23,215,4,0,0,-1,-1,0,0,2,-44,0,-44,d,5.73,0.65,3.28,1,2,22,-100,61,0.2909104957,0.4101172079,0,1,k,50.0,15,incorrect,correct,0,1
1310,24,216,4,1,0,1,-1,0,0,2,39,0,39,d,5.53,0.56,4.9,10,11,31,-100,60,0.3560486599,0.5702327764,1,1,d,40.0,15,correct,incorrect,1,0
1316,25,217,4,0,1,-1,1,0,0,2,-53,2,-51,k,5.57,0.68,4.41,1,3,23,-100,61,0.7188177204,0.9203499101,0,1,d,40.0,15,incorrect,correct,0,1
1322,26,218,4,1,1,1,1,1,1,4,39,4,43,k,4.29,0.62,3.11,10,12,32,-100,61,0.605298773,0.8003109882,0,1,d,40.0,15,incorrect,incorrect,0,1
1328,27,219,4,1,0,1,-1,0,1,4,34,0,34,d,6.45,0.53,3.76,10,11,31,-100,60,0.3062717372,0.4901573159,1,1,d,40.0,15,correct,incorrect,1,0
1334,28,220,4,1,0,1,-1,0,1,4,48,0,48,d,5.6,0.46,3.32,10,11,31,-100,61,0.3497470727,0.4801519816,0,1,k,50.0,15,incorrect,correct,0,1
1340,29,221,4,0,1,-1,1,0,1,4,-58,4,-54,k,4.16,0.69,3.61,1,3,23,-100,60,0.3481525028,0.4501599274,1,1,k,50.0,15,correct,incorrect,1,0
1346,30,222,4,0,0,-1,-1,0,1,4,-37,0,-37,d,6.26,0.46,4.27,1,2,22,-100,60,0.2649497695,0.4301752031,1,1,d,40.0,15,correct,correct,1,0
1352,31,223,4,0,1,-1,1,0,1,4,-36,4,-32,k,5.19,0.65,3.42,1,3,23,-100,60,0.2391207599,0.320078608,1,1,k,50.0,15,correct,correct,1,0
1358,32,224,4,0,0,-1,-1,0,1,4,-45,0,-45,d,5.89,0.6,3.86,1,2,22,-100,61,0.7144545348,0.8103545259,0,1,k,50.0,15,incorrect,correct,0,1
1364,33,225,4,1,1,1,1,0,1,4,31,4,35,k,5.36,0.47,4.41,10,12,32,-100,61,0.3133168678,0.5101944987,0,1,d,40.0,15,incorrect,incorrect,0,1
1370,34,226,4,1,0,1,-1,0,1,4,60,0,60,d,4.89,0.49,4.27,10,11,31,-100,60,0.279077379,0.4601820826,1,1,d,40.0,15,correct,incorrect,1,0
1376,35,227,4,0,1,-1,1,0,1,4,-43,4,-39,k,4.74,0.52,3.09,1,3,23,-100,60,0.3554853003,0.4601672573,1,1,k,50.0,15,correct,correct,1,0
1382,36,228,4,1,1,1,1,0,1,4,51,4,55,k,4.27,0.66,3.21,10,12,32,-100,60,0.3358714924,0.4701526345,1,1,k,50.0,15,correct,correct,1,0
1388,37,229,4,1,0,1,-1,0,1,4,54,0,54,d,4.95,0.68,4.33,10,11,31,-100,61,0.2894142857,0.4101400159,0,1,k,50.0,15,incorrect,correct,0,1
1394,38,230,4,0,1,-1,1,0,1,4,-58,4,-54,k,6.7,0.66,3.04,1,3,23,-100,60,0.4486215224,0.5502229632,1,1,k,50.0,15,correct,incorrect,1,0
1400,39,231,4,0,1,-1,1,1,3,12,-52,12,-40,k,4.18,0.68,3.01,1,3,23,-100,60,0.2631718797,0.3200595063,1,1,k,50.0,15,correct,correct,1,0
1406,40,232,4,1,1,1,1,0,3,12,56,12,68,k,5.05,0.41,3.42,10,12,32,-100,60,0.2672724873,0.3701087005,1,1,k,50.0,15,correct,correct,1,0
1412,41,233,4,0,0,-1,-1,0,3,12,-39,0,-39,d,5.3,0.61,3.61,1,2,22,-100,61,0.3491369565,0.4702022421,0,1,k,50.0,15,incorrect,correct,0,1
1418,42,234,4,1,0,1,-1,0,3,12,38,0,38,d,5.3,0.67,4.06,10,11,31,-100,60,0.3486428765,0.5002863839,1,1,d,40.0,15,correct,incorrect,1,0
1424,43,235,4,1,0,1,-1,0,3,12,60,0,60,d,5.68,0.54,4.07,10,11,31,-100,61,0.4697380977,0.5701985643,0,1,k,50.0,15,incorrect,correct,0,1
1430,44,236,4,0,1,-1,1,0,3,12,-43,12,-31,k,4.93,0.59,3.01,1,3,23,-100,60,0.2920566017,0.4401771161,1,1,k,50.0,15,correct,incorrect,1,0
1436,45,237,4,0,0,-1,-1,0,3,12,-54,0,-54,d,6.03,0.45,3.68,1,2,22,-100,60,0.303281598,0.4802013041,1,1,d,40.0,15,correct,correct,1,0
1442,46,238,4,0,1,-1,1,0,3,12,-31,12,-19,k,5.75,0.5,4.05,1,3,23,-100,60,0.300518114,0.350120555,1,1,k,50.0,15,correct,correct,1,0
1448,47,239,4,1,0,1,-1,0,3,12,38,0,38,d,4.51,0.67,4.5,10,11,31,-100,61,0.2642609655,0.3500184888,0,1,k,50.0,15,incorrect,correct,0,1
1454,48,240,4,1,1,1,1,0,3,12,38,12,50,k,4.47,0.47,4.24,10,12,32,-100,60,0.2481801291,0.3501023085,1,1,k,50.0,15,correct,incorrect,1,0
1460,49,241,4,1,0,1,-1,0,3,12,35,0,35,d,6.19,0.52,4.85,10,11,31,-100,60,0.2930051327,0.4600882844,1,1,d,40.0,15,correct,correct,1,0
1466,50,242,4,1,1,1,1,0,3,12,37,12,49,k,5.33,0.68,4.39,10,12,32,-100,60,0.268321944,0.3901321985,1,1,k,50.0,15,correct,correct,1,0
1472,51,243,4,0,1,-1,1,0,3,12,-38,12,-26,k,6.32,0.46,3.09,1,3,23,-100,60,0.289776649,0.4101400159,1,1,k,50.0,15,correct,correct,1,0
1478,52,244,4,1,1,1,1,0,3,12,38,12,50,k,4.87,0.54,4.02,10,12,32,-100,60,0.2455874207,0.3300865082,1,1,k,50.0,15,correct,correct,1,0
1484,53,245,4,0,1,-1,1,1,0,2,-57,2,-55,k,6.5,0.56,3.09,1,3,23,-100,60,0.4691071692,0.6002587577,1,1,k,50.0,15,correct,correct,1,0
1490,54,246,4,1,1,1,1,0,0,2,41,2,43,k,4.25,0.42,4.48,10,12,32,-100,61,0.3450086942,0.5401742936,0,1,d,40.0,15,incorrect,correct,0,1
1496,55,247,4,1,1,1,1,0,0,2,34,2,36,k,5.74,0.46,3.36,10,12,32,-100,61,0.2703467313,0.4401340659,0,1,d,40.0,15,incorrect,incorrect,0,1
1502,56,248,4,0,1,-1,1,0,0,2,-57,2,-55,k,5.6,0.54,3.35,1,3,23,-100,61,0.2381377317,0.4001366774,0,1,d,40.0,15,incorrect,incorrect,0,1
1508,57,249,4,0,0,-1,-1,0,0,2,-32,0,-32,d,5.5,0.51,3.23,1,2,22,-100,61,0.265939355,0.3701010027,0,1,k,50.0,15,incorrect,incorrect,0,1
1514,58,250,4,0,0,-1,-1,0,0,2,-50,0,-50,d,5.65,0.66,4.95,1,2,22,-100,61,0.420830733,0.5702436102,0,1,k,50.0,15,incorrect,incorrect,0,1
1520,59,251,4,0,1,-1,1,0,0,2,-48,2,-46,k,6.0,0.6,4.77,1,3,23,-100,60,0.2915642323,0.3900931396,1,1,k,50.0,15,correct,incorrect,1,0
1526,60,252,4,0,1,-1,1,0,0,2,-58,2,-56,k,6.98,0.41,4.39,1,3,23,-100,60,0.4822685714,0.6001803549,1,1,k,50.0,15,correct,correct,1,0
1532,61,253,4,0,0,-1,-1,0,0,2,-56,0,-56,d,5.64,0.44,4.27,1,2,22,-100,60,0.6932136555,0.8703970801,1,1,d,40.0,15,correct,correct,1,0
1538,62,254,4,1,0,1,-1,0,0,2,59,0,59,d,6.46,0.64,4.2,10,11,31,-100,61,0.3780741371,0.5101676993,0,1,k,50.0,15,incorrect,correct,0,1
1544,63,255,4,1,0,1,-1,0,0,2,33,0,33,d,6.41,0.61,3.02,10,11,31,-100,60,0.2372499272,0.4001352519,1,1,d,40.0,15,correct,incorrect,1,0
1550,64,256,4,0,1,-1,1,0,0,2,-42,2,-40,k,6.74,0.5,3.39,1,3,23,-100,60,0.4803572543,0.6102546836,1,1,k,50.0,15,correct,correct,1,0
1556,1,257,5,1,1,1,1,0,1,4,51,4,55,k,5.67,0.58,3.29,10,12,32,-100,60,0.241410406,0.3701537464,1,1,k,50.0,15,correct,correct,1,0
1562,2,258,5,1,0,1,-1,0,1,4,45,0,45,d,4.52,0.7,4.75,10,11,31,-100,60,0.3108213788,0.4901812644,1,1,d,40.0,15,correct,correct,1,0
1568,3,259,5,0,1,-1,1,0,1,4,-38,4,-34,k,5.62,0.46,3.61,1,3,23,-100,60,0.3064413723,0.500252742,1,1,k,50.0,15,correct,correct,1,0
1574,4,260,5,0,1,-1,1,0,1,4,-50,4,-46,k,6.08,0.65,3.67,1,3,23,-100,60,0.2636844913,0.4301697862,1,1,k,50.0,15,correct,correct,1,0
1580,5,261,5,1,1,1,1,0,1,4,39,4,43,k,6.96,0.41,3.55,10,12,32,-100,61,0.2985315303,0.4501359789,0,1,d,40.0,15,incorrect,correct,0,1
1586,6,262,5,1,1,1,1,0,1,4,60,4,64,k,5.14,0.46,4.08,10,12,32,-100,60,0.3384468097,0.4601951972,1,1,k,50.0,15,correct,incorrect,1,0
1592,7,263,5,0,0,-1,-1,0,1,4,-41,0,-41,d,5.59,0.6,3.95,1,2,22,-100,61,0.2915246032,0.460191776,0,1,k,50.0,15,incorrect,correct,0,1
1598,8,264,5,1,0,1,-1,0,1,4,38,0,38,d,6.25,0.6,3.84,10,11,31,-100,60,0.2328684952,0.4101200589,1,1,d,40.0,15,correct,incorrect,1,0
1604,9,265,5,0,0,-1,-1,0,1,4,-40,0,-40,d,5.14,0.49,4.24,1,2,22,-100,61,0.3782873926,0.5101702652,0,1,k,50.0,15,incorrect,correct,0,1
1610,10,266,5,1,0,1,-1,0,1,4,35,0,35,d,4.89,0.52,3.55,10,11,31,-100,60,0.2721092256,0.4201405035,1,1,d,40.0,15,correct,incorrect,1,0
1616,11,267,5,1,0,1,-1,0,1,4,53,0,53,d,6.11,0.62,3.25,10,11,31,-100,61,0.3296859413,0.5402512709,0,1,k,50.0,15,incorrect,correct,0,1
1622,12,268,5,1,0,1,-1,0,1,4,36,0,36,d,4.47,0.45,4.03,10,11,31,-100,60,0.2996864744,0.480057043,1,1,d,40.0,15,correct,incorrect,1,0
1628,13,269,5,1,1,1,1,1,2,8,50,8,58,k,6.85,0.53,3.32,10,12,32,-100,60,0.3068114333,0.4102549116,1,1,k,50.0,15,correct,correct,1,0
1640,15,271,5,0,1,-1,1,0,2,8,-51,8,-43,k,5.73,0.4,3.13,1,3,23,-100,60,0.410761251,0.5101714056,1,1,k,50.0,15,correct,correct,1,0
1646,16,272,5,1,1,1,1,0,2,8,39,8,47,k,5.9,0.53,3.05,10,12,32,-100,60,0.238784911,0.3100812566,1,1,k,50.0,15,correct,correct,1,0
1652,17,273,5,0,0,-1,-1,0,2,8,-49,0,-49,d,6.54,0.48,4.69,1,2,22,-100,60,0.2850570872,0.4801177695,1,1,d,40.0,15,correct,correct,1,0
1658,18,274,5,1,0,1,-1,0,2,8,33,0,33,d,6.31,0.61,3.02,10,11,31,-100,60,0.3705851042,0.4902157616,1,1,d,40.0,15,correct,correct,1,0
1664,19,275,5,1,0,1,-1,0,2,8,48,0,48,d,5.56,0.44,4.49,10,11,31,-100,61,0.2800692453,0.3601735011,0,1,k,50.0,15,incorrect,correct,0,1
1670,20,276,5,1,0,1,-1,0,2,8,42,0,42,d,5.18,0.64,3.16,10,11,31,-100,60,0.2779988419,0.3901966313,1,1,d,40.0,15,correct,incorrect,1,0
1676,21,277,5,1,1,1,1,0,2,8,38,8,46,k,5.63,0.67,4.02,10,12,32,-100,60,0.3712060542,0.4701309668,1,1,k,50.0,15,correct,correct,1,0
1682,22,278,5,0,0,-1,-1,0,2,8,-59,0,-59,d,5.99,0.49,3.1,1,2,22,-100,60,0.2989380843,0.380145966,1,1,d,40.0,15,correct,correct,1,0
1688,23,279,5,0,0,-1,-1,0,2,8,-38,0,-38,d,4.11,0.6,3.47,1,2,22,-100,61,0.4373013024,0.540186553,0,1,k,50.0,15,incorrect,correct,0,1
1694,24,280,5,0,0,-1,-1,0,2,8,-37,0,-37,d,6.16,0.52,3.92,1,2,22,-100,60,0.4266587675,0.5601815409,1,1,d,40.0,15,correct,incorrect,1,0
1700,25,281,5,0,1,-1,1,0,2,8,-30,8,-22,k,6.73,0.67,4.09,1,3,23,-100,60,0.0649742311,0.1499830793,1,1,k,50.0,15,correct,correct,1,0
1706,26,282,5,0,1,-1,1,0,2,8,-59,8,-51,k,4.96,0.63,3.69,1,3,23,-100,61,0.2770736892,0.4301044981,0,1,d,40.0,15,incorrect,correct,0,1
1712,27,283,5,0,1,-1,1,1,0,2,-58,2,-56,k,5.65,0.64,4.63,1,3,23,-100,61,0.2799346777,0.4000899209,0,1,d,40.0,15,incorrect,incorrect,0,1
1718,28,284,5,0,0,-1,-1,0,0,2,-46,0,-46,d,5.75,0.55,3.02,1,2,22,-100,61,0.3139452304,0.4501719016,0,1,k,50.0,15,incorrect,incorrect,0,1
1724,29,285,5,0,0,-1,-1,0,0,2,-53,0,-53,d,6.71,0.53,3.27,1,2,22,-100,61,0.3549330597,0.4901712858,0,1,k,50.0,15,incorrect,incorrect,0,1
1730,30,286,5,0,0,-1,-1,0,0,2,-54,0,-54,d,5.9,0.63,4.86,1,2,22,-100,60,0.2597831693,0.3900711869,1,1,d,40.0,15,correct,incorrect,1,0
1736,31,287,5,0,1,-1,1,0,0,2,-50,2,-48,k,4.58,0.64,4.53,1,3,23,-100,60,0.2893484273,0.4101636793,1,1,k,50.0,15,correct,correct,1,0
1742,32,288,5,0,0,-1,-1,0,0,2,-41,0,-41,d,5.63,0.52,4.72,1,2,22,-100,60,0.2981814263,0.3800627165,1,1,d,40.0,15,correct,correct,1,0
1748,33,289,5,1,1,1,1,0,0,2,43,2,45,k,5.72,0.43,4.76,10,12,32,-100,60,0.9053866696,1.0104389729,1,1,k,50.0,15,correct,correct,1,0
1754,34,290,5,1,1,1,1,0,0,2,34,2,36,k,6.82,0.51,4.29,10,12,32,-100,61,0.3375889408,0.4401702737,0,1,d,40.0,15,incorrect,correct,0,1
1760,35,291,5,0,1,-1,1,0,0,2,-41,2,-39,k,4.09,0.48,4.87,1,3,23,-100,60,0.2591627895,0.3800977839,1,1,k,50.0,15,correct,incorrect,1,0
1766,36,292,5,1,1,1,1,0,0,2,51,2,53,k,5.93,0.65,3.62,10,12,32,-100,60,0.2327401997,0.3200885866,1,1,k,50.0,15,correct,correct,1,0
1772,37,293,5,1,0,1,-1,0,0,2,41,0,41,d,4.71,0.64,4.79,10,11,31,-100,60,0.3422663077,0.5102019114,1,1,d,40.0,15,correct,correct,1,0
1778,38,294,5,0,1,-1,1,0,0,2,-33,2,-31,k,5.45,0.61,3.16,1,3,23,-100,60,0.2699530068,0.4001486517,1,1,k,50.0,15,correct,correct,1,0
1784,39,295,5,1,0,1,-1,0,0,2,46,0,46,d,5.7,0.58,4.53,10,11,31,-100,61,0.272934593,0.3700921646,0,1,k,50.0,15,incorrect,correct,0,1
1790,40,296,5,1,0,1,-1,1,3,12,36,0,36,d,5.17,0.66,4.03,10,11,31,-100,60,0.2985948227,0.4801143483,1,1,d,40.0,15,correct,incorrect,1,0
1796,41,297,5,1,1,1,1,0,3,12,49,12,61,k,5.81,0.46,3.69,10,12,32,-100,60,0.2521877937,0.3701092707,1,1,k,50.0,15,correct,correct,1,0
1802,42,298,5,0,1,-1,1,0,3,12,-30,12,-18,k,6.1,0.65,4.75,1,3,23,-100,60,0.1027569551,0.2199893429,1,1,k,50.0,15,correct,correct,1,0
1808,43,299,5,0,0,-1,-1,0,3,12,-37,0,-37,d,5.26,0.67,4.93,1,2,22,-100,60,0.247857965,0.430256742,1,1,d,40.0,15,correct,correct,1,0
1814,44,300,5,1,1,1,1,0,3,12,48,12,60,k,4.95,0.49,4.33,10,12,32,-100,60,0.2175215087,0.3701540315,1,1,k,50.0,15,correct,correct,1,0
1820,45,301,5,1,0,1,-1,0,3,12,51,0,51,d,4.27,0.49,3.0,10,11,31,-100,60,0.2843149693,0.4602180053,1,1,d,40.0,15,correct,correct,1,0
1826,46,302,5,0,0,-1,-1,0,3,12,-55,0,-55,d,4.1,0.49,4.9,1,2,22,-100,60,0.1519363062,0.3501436481,1,1,d,40.0,15,correct,correct,1,0
1832,47,303,5,0,1,-1,1,0,3,12,-56,12,-44,k,5.57,0.59,4.27,1,3,23,-100,60,0.4692468687,0.5902172156,1,1,k,50.0,15,correct,correct,1,0
1838,48,304,5,1,1,1,1,0,3,12,41,12,53,k,4.34,0.68,4.55,10,12,32,-100,60,0.3089525418,0.3901527258,1,1,k,50.0,15,correct,correct,1,0
1844,49,305,5,1,1,1,1,0,3,12,49,12,61,k,5.61,0.43,4.97,10,12,32,-100,60,0.341761964,0.3800997796,1,1,k,50.0,15,correct,correct,1,0
1850,50,306,5,0,1,-1,1,0,3,12,-35,12,-23,k,6.89,0.69,4.64,1,3,23,-100,60,0.2880078825,0.4201436396,1,1,k,50.0,15,correct,correct,1,0
1856,51,307,5,1,0,1,-1,0,3,12,50,0,50,d,6.13,0.69,4.96,10,11,31,-100,61,0.278413949,0.3600429248,0,1,k,50.0,15,incorrect,correct,0,1
1862,52,308,5,1,1,1,1,0,3,12,56,12,68,k,5.29,0.52,3.37,10,12,32,-100,60,0.3162400083,0.3900982715,1,1,k,50.0,15,correct,incorrect,1,0
1868,53,309,5,1,1,1,1,1,0,2,44,2,46,k,6.5,0.52,3.45,10,12,32,-100,61,0.2657298058,0.4802118528,0,1,d,40.0,15,incorrect,correct,0,1
1874,54,310,5,0,1,-1,1,0,0,2,-49,2,-47,k,4.77,0.57,4.41,1,3,23,-100,60,0.2892945433,0.4502086797,1,1,k,50.0,15,correct,incorrect,1,0
1880,55,311,5,0,0,-1,-1,0,0,2,-30,0,-30,d,4.7,0.55,4.99,1,2,22,-100,61,0.292432935,0.4101850619,0,1,k,50.0,15,incorrect,correct,0,1
1886,56,312,5,0,1,-1,1,0,0,2,-42,2,-40,k,5.09,0.63,4.67,1,3,23,-100,61,0.3977423993,0.6302439695,0,1,d,40.0,15,incorrect,incorrect,0,1
1892,57,313,5,0,0,-1,-1,0,0,2,-36,0,-36,d,4.86,0.48,4.88,1,2,22,-100,61,0.2449844321,0.3600700094,0,1,k,50.0,15,incorrect,incorrect,0,1
1898,58,314,5,1,0,1,-1,0,0,2,48,0,48,d,5.83,0.67,3.11,10,11,31,-100,60,0.2205846338,0.4001095928,1,1,d,40.0,15,correct,incorrect,1,0
1904,59,315,5,1,0,1,-1,0,0,2,59,0,59,d,6.92,0.46,3.63,10,11,31,-100,61,0.2595371271,0.3901239306,0,1,k,50.0,15,incorrect,correct,0,1
1910,60,316,5,1,1,1,1,0,0,2,48,2,50,k,6.32,0.66,3.22,10,12,32,-100,61,0.2070212392,0.3700844669,0,1,d,40.0,15,incorrect,incorrect,0,1
1916,61,317,5,0,0,-1,-1,0,0,2,-60,0,-60,d,5.08,0.41,3.61,1,2,22,-100,61,0.3150403033,0.4501724718,0,1,k,50.0,15,incorrect,incorrect,0,1
1922,62,318,5,1,0,1,-1,0,0,2,40,0,40,d,4.67,0.56,4.51,10,11,31,-100,60,0.2787115944,0.5201727484,1,1,d,40.0,15,correct,incorrect,1,0
1928,63,319,5,0,0,-1,-1,0,0,2,-50,0,-50,d,6.32,0.45,3.47,1,2,22,-100,61,0.8720441085,1.0204551409,0,1,k,50.0,15,incorrect,correct,0,1
1934,64,320,5,0,1,-1,1,0,0,2,-38,2,-36,k,6.33,0.61,4.0,1,3,23,-100,60,0.3286689861,0.4501798845,1,1,k,50.0,15,correct,incorrect,1,0
