trialnumber,trlid,blocknumber,arraytiltcond,probetiltcond,stim1cond,stim2cond,trialDifficultyChange,trialdifficulty,difficultyOri,stim1ori,addToStim1,stim2ori,correctResp,delay1,delay2,ITI,stim1trig,stim2trig,respcuetrig,buttonpresstrig,fbtrig,rt,resptime,PerceptDecCorrect,trlResponded,buttonResponded,buttontrig,subid,fbgiven,prevtrlfb,rewarded,unrewarded
1,1,1,1,0,1,-1,0,0,2,35,0,35,d,5.87,0.44,3.6,10,11,31,-100,60,0.2723859598,0.4201155327,1,1,d,40.0,13,correct,,1,0
2,2,1,0,1,-1,1,0,0,2,-52,2,-50,k,4.63,0.63,3.86,1,3,23,-100,60,0.4162558894,0.5502167022,1,1,k,50.0,13,correct,correct,1,0
3,3,1,0,1,-1,1,0,0,2,-33,2,-31,k,5.23,0.62,3.28,1,3,23,-100,60,0.5161273677,0.7002766581,1,1,k,50.0,13,correct,correct,1,0
4,4,1,0,0,-1,-1,0,0,2,-32,0,-32,d,5.71,0.69,4.64,1,2,22,-100,61,0.6928929307,0.8103266699,0,1,k,50.0,13,incorrect,correct,0,1
5,5,1,1,0,1,-1,0,0,2,31,0,31,d,5.87,0.63,4.55,10,11,31,-100,61,0.5695103573,0.7503185959,0,1,k,50.0,13,incorrect,incorrect,0,1
6,6,1,1,1,1,1,0,0,2,44,2,46,k,4.71,0.63,4.83,10,12,32,-100,61,0.4905538808,0.6102441628,0,1,d,40.0,13,incorrect,incorrect,0,1
7,7,1,0,1,-1,1,0,0,2,-46,2,-44,k,5.94,0.49,3.01,1,3,23,-100,60,0.4025133582,0.5702222445,1,1,k,50.0,13,correct,incorrect,1,0
8,8,1,1,0,1,-1,0,0,2,35,0,35,d,6.5,0.57,4.41,10,11,31,-100,60,0.3707954606,0.4901918076,1,1,d,40.0,13,correct,correct,1,0
9,9,1,0,0,-1,-1,0,0,2,-59,0,-59,d,6.23,0.43,4.49,1,2,22,-100,61,0.5699026508,0.7202653797,0,1,k,50.0,13,incorrect,correct,0,1
10,10,1,1,1,1,1,0,0,2,59,2,61,k,6.1,0.53,3.07,10,12,32,-100,61,1.1671463899,1.3005794882,0,1,d,40.0,13,incorrect,incorrect,0,1
11,11,1,1,1,1,1,0,0,2,56,2,58,k,4.92,0.66,3.35,10,12,32,-100,61,0.4669105006,0.5802223072,0,1,d,40.0,13,incorrect,incorrect,0,1
12,12,1,1,0,1,-1,0,0,2,58,0,58,d,5.87,0.64,4.87,10,11,31,-100,60,0.4834846153,0.6302383012,1,1,d,40.0,13,correct,incorrect,1,0
13,13,1,0,0,-1,-1,0,0,2,-51,0,-51,d,5.61,0.58,3.25,1,2,22,-100,61,0.4972622134,0.6502555325,0,1,k,50.0,13,incorrect,correct,0,1
14,14,1,0,0,-1,-1,1,1,4,-48,0,-48,d,4.03,0.6,3.6,1,2,22,-100,61,0.3691989173,0.5001502461,0,1,k,50.0,13,incorrect,incorrect,0,1
15,15,1,0,0,-1,-1,0,1,4,-39,0,-39,d,6.5,0.41,4.92,1,2,22,-100,61,0.3458868199,0.4902992891,0,1,k,50.0,13,incorrect,incorrect,0,1
16,16,1,0,1,-1,1,0,1,4,-47,4,-43,k,5.61,0.52,3.31,1,3,23,-100,60,0.3776012964,0.4901775527,1,1,k,50.0,13,correct,incorrect,1,0
17,17,1,0,0,-1,-1,0,1,4,-51,0,-51,d,5.23,0.65,4.82,1,2,22,-100,61,0.4446632406,0.5602045058,0,1,k,50.0,13,incorrect,correct,0,1
18,18,1,0,0,-1,-1,0,1,4,-45,0,-45,d,4.54,0.6,3.75,1,2,22,-100,61,0.7965553439,0.950380576,0,1,k,50.0,13,incorrect,incorrect,0,1
19,19,1,0,0,-1,-1,0,1,4,-40,0,-40,d,4.46,0.66,4.61,1,2,22,-100,60,0.4558430347,0.5602424237,1,1,d,40.0,13,correct,incorrect,1,0
20,20,1,0,1,-1,1,0,1,4,-48,4,-44,k,6.74,0.5,3.94,1,3,23,-100,60,0.4525008425,0.5902155276,1,1,k,50.0,13,correct,correct,1,0
21,21,1,1,0,1,-1,0,1,4,50,0,50,d,5.54,0.58,4.25,10,11,31,-100,60,0.3758975567,0.4801082114,1,1,d,40.0,13,correct,correct,1,0
22,22,1,1,1,1,1,0,1,4,50,4,54,k,6.97,0.51,3.41,10,12,32,-100,61,0.2688755603,0.3901281739,0,1,d,40.0,13,incorrect,correct,0,1
23,23,1,0,0,-1,-1,0,1,4,-31,0,-31,d,4.23,0.42,3.94,1,2,22,-100,61,0.7971243975,0.9504068049,0,1,k,50.0,13,incorrect,incorrect,0,1
24,24,1,1,1,1,1,0,1,4,40,4,44,k,6.83,0.69,3.54,10,12,32,-100,60,0.2996115838,0.4201269366,1,1,k,50.0,13,correct,incorrect,1,0
25,25,1,1,1,1,1,0,1,4,56,4,60,k,6.99,0.43,3.18,10,12,32,-100,61,0.34471165,0.4501436604,0,1,d,40.0,13,incorrect,correct,0,1
26,26,1,0,1,-1,1,1,3,12,-38,12,-26,k,4.11,0.51,3.65,1,3,23,-100,60,0.3072886761,0.4701497729,1,1,k,50.0,13,correct,incorrect,1,0
27,27,1,1,1,1,1,0,3,12,37,12,49,k,5.41,0.5,3.42,10,12,32,-100,60,0.2610465113,0.4101605153,1,1,k,50.0,13,correct,correct,1,0
28,28,1,1,1,1,1,0,3,12,30,12,42,k,5.52,0.68,4.57,10,12,32,-100,60,0.2101894812,0.3901159147,1,1,k,50.0,13,correct,correct,1,0
29,29,1,0,0,-1,-1,0,3,12,-38,0,-38,d,4.9,0.47,4.8,1,2,22,-100,61,0.31560239,0.460146289,0,1,k,50.0,13,incorrect,correct,0,1
30,30,1,1,1,1,1,0,3,12,43,12,55,k,5.49,0.66,4.64,10,12,32,-100,60,0.6205384456,0.80033516,1,1,k,50.0,13,correct,incorrect,1,0
31,31,1,0,1,-1,1,0,3,12,-36,12,-24,k,6.96,0.66,3.85,1,3,23,-100,60,0.2049950137,0.3701103725,1,1,k,50.0,13,correct,correct,1,0
32,32,1,0,1,-1,1,0,3,12,-42,12,-30,k,6.99,0.69,4.48,1,3,23,-100,60,0.243412691,0.4102027097,1,1,k,50.0,13,correct,correct,1,0
33,33,1,1,1,1,1,0,3,12,54,12,66,k,6.59,0.45,3.07,10,12,32,-100,61,0.8526638609,0.9504162131,0,1,d,40.0,13,incorrect,correct,0,1
34,34,1,0,0,-1,-1,0,3,12,-54,0,-54,d,5.59,0.62,4.66,1,2,22,-100,62,,,-1,0,,,13,timed out,incorrect,0,0
35,35,1,0,1,-1,1,0,3,12,-53,12,-41,k,5.48,0.41,4.15,1,3,23,-100,60,0.294401436,0.4801412827,1,1,k,50.0,13,correct,timed out,1,0
36,36,1,0,0,-1,-1,0,3,12,-35,0,-35,d,6.84,0.56,3.9,1,2,22,-100,61,0.3790649844,0.5602062164,0,1,k,50.0,13,incorrect,correct,0,1
37,37,1,1,0,1,-1,0,3,12,35,0,35,d,5.15,0.46,4.73,10,11,31,-100,60,0.4003523229,0.5001915852,1,1,d,40.0,13,correct,incorrect,1,0
38,38,1,1,0,1,-1,0,3,12,47,0,47,d,6.7,0.62,4.15,10,11,31,-100,60,0.2947643645,0.4000737831,1,1,d,40.0,13,correct,correct,1,0
39,39,1,0,0,-1,-1,0,3,12,-59,0,-59,d,6.16,0.59,3.35,1,2,22,-100,60,0.4283733676,0.5001864534,1,1,d,40.0,13,correct,correct,1,0
40,40,1,1,1,1,1,0,3,12,32,12,44,k,5.6,0.56,4.19,10,12,32,-100,60,0.3076812547,0.4600892696,1,1,k,50.0,13,correct,correct,1,0
41,41,1,0,1,-1,1,1,2,8,-36,8,-28,k,4.12,0.48,3.45,1,3,23,-100,60,0.2722744868,0.4201548761,1,1,k,50.0,13,correct,correct,1,0
42,42,1,1,0,1,-1,0,2,8,38,0,38,d,6.12,0.52,3.39,10,11,31,-100,60,0.231331135,0.3200806939,1,1,d,40.0,13,correct,correct,1,0
43,43,1,1,0,1,-1,0,2,8,37,0,37,d,6.46,0.67,4.36,10,11,31,-100,60,0.110318288,0.2100098701,1,1,d,40.0,13,correct,correct,1,0
44,44,1,1,0,1,-1,0,2,8,46,0,46,d,5.92,0.63,3.76,10,11,31,-100,60,0.5437190563,0.6302254718,1,1,d,40.0,13,correct,correct,1,0
45,45,1,1,1,1,1,0,2,8,46,8,54,k,4.72,0.5,3.25,10,12,32,-100,62,,,-1,0,,,13,timed out,correct,0,0
46,46,1,0,0,-1,-1,0,2,8,-45,0,-45,d,4.21,0.54,4.72,1,2,22,-100,61,0.2150415472,0.350095422,0,1,k,50.0,13,incorrect,timed out,0,1
47,47,1,0,1,-1,1,0,2,8,-31,8,-23,k,4.92,0.46,4.32,1,3,23,-100,60,0.2866108751,0.4701338074,1,1,k,50.0,13,correct,incorrect,1,0
48,48,1,1,1,1,1,0,2,8,50,8,58,k,6.59,0.54,4.46,10,12,32,-100,61,0.3633843638,0.43014382,0,1,d,40.0,13,incorrect,correct,0,1
49,49,1,0,1,-1,1,0,2,8,-55,8,-47,k,4.18,0.46,3.7,1,3,23,-100,60,0.2918424052,0.4402077445,1,1,k,50.0,13,correct,incorrect,1,0
50,50,1,0,1,-1,1,0,2,8,-33,8,-25,k,4.88,0.66,3.56,1,3,23,-100,60,0.2817901697,0.4902157557,1,1,k,50.0,13,correct,correct,1,0
51,51,1,1,0,1,-1,0,2,8,33,0,33,d,4.32,0.45,3.84,10,11,31,-100,60,0.2798526505,0.380121554,1,1,d,40.0,13,correct,correct,1,0
52,52,1,1,1,1,1,0,2,8,49,8,57,k,6.45,0.56,3.58,10,12,32,-100,60,0.230834211,0.4301210123,1,1,k,50.0,13,correct,correct,1,0
53,53,1,0,1,-1,1,1,3,12,-36,12,-24,k,5.87,0.47,4.23,1,3,23,-100,60,0.2963375298,0.430176036,1,1,k,50.0,13,correct,correct,1,0
54,54,1,1,0,1,-1,0,3,12,45,0,45,d,4.21,0.43,3.17,10,11,31,-100,60,0.2586214761,0.340103342,1,1,d,40.0,13,correct,correct,1,0
55,55,1,0,1,-1,1,0,3,12,-56,12,-44,k,4.19,0.68,3.21,1,3,23,-100,60,0.3011930169,0.4701569003,1,1,k,50.0,13,correct,correct,1,0
56,56,1,1,0,1,-1,0,3,12,31,0,31,d,4.28,0.53,3.91,10,11,31,-100,60,0.2733966287,0.3600977655,1,1,d,40.0,13,correct,correct,1,0
57,57,1,0,0,-1,-1,0,3,12,-34,0,-34,d,6.32,0.49,4.47,1,2,22,-100,61,0.1944059405,0.3601162968,0,1,k,50.0,13,incorrect,correct,0,1
58,58,1,0,0,-1,-1,0,3,12,-55,0,-55,d,5.69,0.57,4.34,1,2,22,-100,61,0.693525846,0.8703341736,0,1,k,50.0,13,incorrect,incorrect,0,1
59,59,1,0,1,-1,1,0,3,12,-46,12,-34,k,4.48,0.55,3.78,1,3,23,-100,60,0.2934417994,0.3900765714,1,1,k,50.0,13,correct,incorrect,1,0
60,60,1,1,0,1,-1,0,3,12,49,0,49,d,5.67,0.63,4.35,10,11,31,-100,62,,,-1,0,,,13,timed out,correct,0,0
61,61,1,1,0,1,-1,0,3,12,58,0,58,d,4.18,0.61,4.62,10,11,31,-100,60,0.2976974425,0.3800713769,1,1,d,40.0,13,correct,timed out,1,0
62,62,1,1,0,1,-1,0,3,12,39,0,39,d,5.02,0.49,3.77,10,11,31,-100,61,0.2256172208,0.370129474,0,1,k,50.0,13,incorrect,correct,0,1
63,63,1,1,1,1,1,0,3,12,41,12,53,k,4.16,0.69,3.1,10,12,32,-100,60,0.1623556197,0.300067739,1,1,k,50.0,13,correct,incorrect,1,0
64,64,1,1,1,1,1,0,3,12,56,12,68,k,6.5,0.5,4.69,10,12,32,-100,61,0.3506145836,0.4700967448,0,1,d,40.0,13,incorrect,correct,0,1
1,65,2,1,1,1,1,0,1,4,33,4,37,k,4.09,0.53,4.63,10,12,32,-100,60,0.2491665189,0.4101260186,1,1,k,50.0,13,correct,incorrect,1,0
2,66,2,0,0,-1,-1,0,1,4,-50,0,-50,d,4.1,0.62,3.07,1,2,22,-100,61,0.2878313754,0.5201580692,0,1,k,50.0,13,incorrect,correct,0,1
3,67,2,1,0,1,-1,0,1,4,35,0,35,d,5.61,0.61,4.23,10,11,31,-100,61,0.2871785032,0.4701774273,0,1,k,50.0,13,incorrect,incorrect,0,1
4,68,2,1,1,1,1,0,1,4,59,4,63,k,4.2,0.69,4.54,10,12,32,-100,60,0.4607352994,0.6102062449,1,1,k,50.0,13,correct,incorrect,1,0
5,69,2,1,1,1,1,0,1,4,46,4,50,k,5.8,0.57,4.09,10,12,32,-100,60,0.497901686,0.6303121413,1,1,k,50.0,13,correct,correct,1,0
6,70,2,0,1,-1,1,0,1,4,-37,4,-33,k,5.16,0.56,4.01,1,3,23,-100,60,0.7455061584,0.8803581845,1,1,k,50.0,13,correct,correct,1,0
7,71,2,0,0,-1,-1,0,1,4,-33,0,-33,d,5.87,0.65,4.06,1,2,22,-100,60,0.5202977667,0.6102059598,1,1,d,40.0,13,correct,correct,1,0
8,72,2,1,0,1,-1,0,1,4,39,0,39,d,6.38,0.47,4.16,10,11,31,-100,61,0.5632259639,0.7002504292,0,1,k,50.0,13,incorrect,correct,0,1
9,73,2,0,0,-1,-1,0,1,4,-60,0,-60,d,4.37,0.58,4.86,1,2,22,-100,61,0.2647869841,0.3801329578,0,1,k,50.0,13,incorrect,incorrect,0,1
10,74,2,1,0,1,-1,0,1,4,38,0,38,d,5.1,0.64,3.75,10,11,31,-100,60,0.4362945029,0.5201794515,1,1,d,40.0,13,correct,incorrect,1,0
11,75,2,0,0,-1,-1,0,1,4,-53,0,-53,d,5.83,0.6,3.78,1,2,22,-100,61,0.4418131258,0.5702025728,0,1,k,50.0,13,incorrect,correct,0,1
12,76,2,0,1,-1,1,0,1,4,-59,4,-55,k,4.35,0.43,4.37,1,3,23,-100,61,0.4855301864,0.5902066896,0,1,d,40.0,13,incorrect,incorrect,0,1
13,77,2,1,1,1,1,0,1,4,44,4,48,k,6.11,0.44,3.6,10,12,32,-100,61,0.3148197987,0.4001171179,0,1,d,40.0,13,incorrect,incorrect,0,1
14,78,2,1,1,1,1,0,1,4,46,4,50,k,4.71,0.45,3.45,10,12,32,-100,60,0.2269583171,0.3601188626,1,1,k,50.0,13,correct,incorrect,1,0
15,79,2,1,1,1,1,0,1,4,50,4,54,k,6.01,0.49,3.43,10,12,32,-100,60,0.2984643535,0.4001239602,1,1,k,50.0,13,correct,correct,1,0
16,80,2,0,0,-1,-1,1,0,2,-55,0,-55,d,5.11,0.57,3.66,1,2,22,-100,61,0.4182658233,0.5402157842,0,1,k,50.0,13,incorrect,correct,0,1
17,81,2,0,1,-1,1,0,0,2,-51,2,-49,k,5.2,0.6,4.45,1,3,23,-100,61,0.4598207082,0.560196238,0,1,d,40.0,13,incorrect,incorrect,0,1
18,82,2,0,1,-1,1,0,0,2,-43,2,-41,k,6.53,0.61,3.06,1,3,23,-100,60,0.1730367792,0.3100814864,1,1,k,50.0,13,correct,incorrect,1,0
19,83,2,0,1,-1,1,0,0,2,-39,2,-37,k,5.41,0.56,4.43,1,3,23,-100,60,0.4002211783,0.5202130929,1,1,k,50.0,13,correct,correct,1,0
20,84,2,1,1,1,1,0,0,2,42,2,44,k,6.56,0.61,3.55,10,12,32,-100,61,0.2894370417,0.3601009015,0,1,d,40.0,13,incorrect,correct,0,1
21,85,2,0,0,-1,-1,0,0,2,-57,0,-57,d,4.49,0.42,4.4,1,2,22,-100,60,0.4689842963,0.6302434329,1,1,d,40.0,13,correct,incorrect,1,0
22,86,2,1,1,1,1,0,0,2,35,2,37,k,4.12,0.56,3.1,10,12,32,-100,60,0.2937317431,0.4301210123,1,1,k,50.0,13,correct,correct,1,0
23,87,2,0,0,-1,-1,0,0,2,-60,0,-60,d,4.56,0.61,4.6,1,2,22,-100,61,0.2194930519,0.2900505705,0,1,k,50.0,13,incorrect,correct,0,1
24,88,2,1,0,1,-1,0,0,2,58,0,58,d,5.86,0.57,3.91,10,11,31,-100,60,0.2605758161,0.3000623222,1,1,d,40.0,13,correct,incorrect,1,0
25,89,2,1,1,1,1,0,0,2,31,2,33,k,4.74,0.43,4.78,10,12,32,-100,60,0.2342801785,0.3500825926,1,1,k,50.0,13,correct,correct,1,0
26,90,2,1,0,1,-1,0,0,2,60,0,60,d,5.2,0.59,3.51,10,11,31,-100,61,0.1942534136,0.2800536439,0,1,k,50.0,13,incorrect,correct,0,1
27,91,2,1,0,1,-1,0,0,2,43,0,43,d,4.68,0.59,4.27,10,11,31,-100,60,0.5540398531,0.6202370981,1,1,d,40.0,13,correct,incorrect,1,0
28,92,2,0,1,-1,1,0,0,2,-40,2,-38,k,6.77,0.68,4.54,1,3,23,-100,61,0.2622379317,0.3601296963,0,1,d,40.0,13,incorrect,correct,0,1
29,93,2,1,0,1,-1,1,2,8,54,0,54,d,6.98,0.4,3.68,10,11,31,-100,61,1.0850760838,1.220533656,0,1,k,50.0,13,incorrect,incorrect,0,1
30,94,2,0,1,-1,1,0,2,8,-47,8,-39,k,4.01,0.51,3.68,1,3,23,-100,60,0.2190531472,0.3400896573,1,1,k,50.0,13,correct,incorrect,1,0
31,95,2,1,0,1,-1,0,2,8,43,0,43,d,6.54,0.54,4.06,10,11,31,-100,61,0.2720763444,0.41011547,0,1,k,50.0,13,incorrect,correct,0,1
32,96,2,0,1,-1,1,0,2,8,-35,8,-27,k,6.57,0.66,4.68,1,3,23,-100,61,0.3663128803,0.4501907014,0,1,d,40.0,13,incorrect,incorrect,0,1
33,97,2,1,0,1,-1,0,2,8,43,0,43,d,6.52,0.63,4.61,10,11,31,-100,61,0.7889555129,0.9403662584,0,1,k,50.0,13,incorrect,incorrect,0,1
34,98,2,0,0,-1,-1,0,2,8,-44,0,-44,d,4.38,0.5,4.0,1,2,22,-100,61,0.2106390792,0.3401044824,0,1,k,50.0,13,incorrect,incorrect,0,1
35,99,2,1,1,1,1,0,2,8,44,8,52,k,6.85,0.57,4.08,10,12,32,-100,60,0.2235625266,0.3400759727,1,1,k,50.0,13,correct,incorrect,1,0
36,100,2,0,0,-1,-1,0,2,8,-51,0,-51,d,4.61,0.54,3.2,1,2,22,-100,60,0.2380306297,0.3100786355,1,1,d,40.0,13,correct,correct,1,0
37,101,2,1,0,1,-1,0,2,8,45,0,45,d,4.26,0.56,4.91,10,11,31,-100,62,,,-1,0,,,13,timed out,correct,0,0
38,102,2,0,1,-1,1,0,2,8,-31,8,-23,k,4.63,0.49,4.12,1,3,23,-100,61,0.2448715324,0.2800530737,0,1,d,40.0,13,incorrect,timed out,0,1
39,103,2,0,0,-1,-1,0,2,8,-53,0,-53,d,6.08,0.6,3.57,1,2,22,-100,61,0.2843879737,0.4301509475,0,1,k,50.0,13,incorrect,incorrect,0,1
40,104,2,1,1,1,1,0,2,8,33,8,41,k,5.56,0.66,4.64,10,12,32,-100,60,0.229265037,0.3801172775,1,1,k,50.0,13,correct,incorrect,1,0
41,105,2,1,0,1,-1,1,3,12,35,0,35,d,6.92,0.54,3.08,10,11,31,-100,60,0.4284671645,0.5101657041,1,1,d,40.0,13,correct,correct,1,0
42,106,2,0,1,-1,1,0,3,12,-31,12,-19,k,5.32,0.67,3.74,1,3,23,-100,60,0.1178767799,0.2700416071,1,1,k,50.0,13,correct,correct,1,0
43,107,2,0,1,-1,1,0,3,12,-31,12,-19,k,4.54,0.59,4.68,1,3,23,-100,61,0.2076686534,0.2900830716,0,1,d,40.0,13,incorrect,correct,0,1
44,108,2,0,1,-1,1,0,3,12,-58,12,-46,k,5.81,0.44,4.81,1,3,23,-100,60,0.2466308661,0.3801272559,1,1,k,50.0,13,correct,incorrect,1,0
45,109,2,0,0,-1,-1,0,3,12,-49,0,-49,d,5.65,0.66,3.25,1,2,22,-100,61,0.2682802777,0.4200225911,0,1,k,50.0,13,incorrect,correct,0,1
46,110,2,0,0,-1,-1,0,3,12,-58,0,-58,d,5.68,0.61,4.58,1,2,22,-100,61,0.6352101079,0.7701522247,0,1,k,50.0,13,incorrect,incorrect,0,1
47,111,2,1,1,1,1,0,3,12,47,12,59,k,6.3,0.54,4.6,10,12,32,-100,62,,,-1,0,,,13,timed out,incorrect,0,0
48,112,2,1,0,1,-1,0,3,12,60,0,60,d,6.76,0.58,3.13,10,11,31,-100,60,0.2523732901,0.3401173117,1,1,d,40.0,13,correct,timed out,1,0
49,113,2,1,0,1,-1,0,3,12,38,0,38,d,4.97,0.67,4.2,10,11,31,-100,61,0.4881827289,0.5902574369,0,1,k,50.0,13,incorrect,correct,0,1
50,114,2,1,1,1,1,0,3,12,49,12,61,k,6.07,0.65,3.04,10,12,32,-100,60,0.2916493945,0.4201420467,1,1,k,50.0,13,correct,incorrect,1,0
51,115,2,1,1,1,1,0,3,12,42,12,54,k,6.93,0.6,3.05,10,12,32,-100,61,0.5647378333,0.6502110573,0,1,d,40.0,13,incorrect,correct,0,1
52,116,2,0,1,-1,1,0,3,12,-32,12,-20,k,4.08,0.65,3.88,1,3,23,-100,60,0.466832099,0.6202282601,1,1,k,50.0,13,correct,incorrect,1,0
53,117,2,1,1,1,1,1,1,4,46,4,50,k,4.84,0.66,4.47,10,12,32,-100,60,0.2702810885,0.3700952623,1,1,k,50.0,13,correct,correct,1,0
54,118,2,0,1,-1,1,0,1,4,-47,4,-43,k,6.83,0.58,4.34,1,3,23,-100,61,0.3605790092,0.4301050468,0,1,d,40.0,13,incorrect,correct,0,1
55,119,2,0,0,-1,-1,0,1,4,-46,0,-46,d,4.85,0.5,3.92,1,2,22,-100,60,0.3665805864,0.6302294632,1,1,d,40.0,13,correct,incorrect,1,0
56,120,2,0,0,-1,-1,0,1,4,-45,0,-45,d,4.93,0.6,3.83,1,2,22,-100,61,0.4560440281,0.5602104928,0,1,k,50.0,13,incorrect,correct,0,1
57,121,2,1,1,1,1,0,1,4,38,4,42,k,4.13,0.5,3.3,10,12,32,-100,60,0.2967859874,0.4001268111,1,1,k,50.0,13,correct,incorrect,1,0
58,122,2,0,1,-1,1,0,1,4,-49,4,-45,k,6.86,0.5,3.24,1,3,23,-100,61,0.6338963809,0.7303136238,0,1,d,40.0,13,incorrect,correct,0,1
59,123,2,0,1,-1,1,0,1,4,-32,4,-28,k,6.9,0.48,4.17,1,3,23,-100,60,0.2343939322,0.3501113874,1,1,k,50.0,13,correct,incorrect,1,0
60,124,2,1,0,1,-1,0,1,4,37,0,37,d,4.05,0.43,4.97,10,11,31,-100,60,0.4759959721,0.5601503374,1,1,d,40.0,13,correct,correct,1,0
61,125,2,0,0,-1,-1,0,1,4,-59,0,-59,d,6.29,0.54,4.86,1,2,22,-100,61,0.8105399224,0.940423848,0,1,k,50.0,13,incorrect,correct,0,1
62,126,2,1,0,1,-1,0,1,4,53,0,53,d,5.79,0.49,3.24,10,11,31,-100,61,0.6159221548,0.8603438042,0,1,k,50.0,13,incorrect,incorrect,0,1
63,127,2,1,0,1,-1,0,1,4,33,0,33,d,6.9,0.43,3.28,10,11,31,-100,60,0.3070258167,0.4101522475,1,1,d,40.0,13,correct,incorrect,1,0
64,128,2,0,0,-1,-1,0,1,4,-32,0,-32,d,6.08,0.6,4.73,1,2,22,-100,60,0.2236976626,0.2900323243,1,1,d,40.0,13,correct,correct,1,0
1,129,3,0,1,-1,1,0,3,12,-53,12,-41,k,5.97,0.52,3.3,1,3,23,-100,60,0.3644874041,0.4701540493,1,1,k,50.0,13,correct,correct,1,0
2,130,3,0,1,-1,1,0,3,12,-48,12,-36,k,6.99,0.69,4.7,1,3,23,-100,60,0.3226377289,0.4701663085,1,1,k,50.0,13,correct,correct,1,0
3,131,3,0,1,-1,1,0,3,12,-56,12,-44,k,4.19,0.44,3.97,1,3,23,-100,60,0.3666655453,0.480168652,1,1,k,50.0,13,correct,correct,1,0
4,132,3,1,0,1,-1,0,3,12,42,0,42,d,6.43,0.68,4.07,10,11,31,-100,60,0.4276760203,0.5101600021,1,1,d,40.0,13,correct,correct,1,0
5,133,3,0,1,-1,1,0,3,12,-49,12,-37,k,4.61,0.61,3.14,1,3,23,-100,60,0.1597592413,0.2800211428,1,1,k,50.0,13,correct,correct,1,0
6,134,3,1,1,1,1,0,3,12,37,12,49,k,5.39,0.63,4.12,10,12,32,-100,60,0.1493848462,0.2800790175,1,1,k,50.0,13,correct,correct,1,0
7,135,3,1,0,1,-1,0,3,12,56,0,56,d,5.5,0.65,4.39,10,11,31,-100,61,0.1005884972,0.2200358766,0,1,k,50.0,13,incorrect,correct,0,1
8,136,3,1,1,1,1,0,3,12,48,12,60,k,5.86,0.42,3.14,10,12,32,-100,60,0.2526894626,0.4201414765,1,1,k,50.0,13,correct,incorrect,1,0
9,137,3,0,0,-1,-1,0,3,12,-38,0,-38,d,4.65,0.54,3.73,1,2,22,-100,60,0.1223850189,0.2400043563,1,1,d,40.0,13,correct,correct,1,0
10,138,3,0,0,-1,-1,0,3,12,-36,0,-36,d,5.64,0.66,4.41,1,2,22,-100,61,0.0777593542,0.1900656236,0,1,k,50.0,13,incorrect,correct,0,1
11,139,3,0,0,-1,-1,0,3,12,-54,0,-54,d,6.38,0.55,3.02,1,2,22,-100,61,0.0591026058,0.2400174707,0,1,k,50.0,13,incorrect,incorrect,0,1
12,140,3,1,0,1,-1,0,3,12,51,0,51,d,4.52,0.42,4.19,10,11,31,-100,60,0.2293448642,0.3000728708,1,1,d,40.0,13,correct,incorrect,1,0
13,141,3,0,0,-1,-1,1,1,4,-47,0,-47,d,6.26,0.59,4.66,1,2,22,-100,61,0.2579760165,0.3400890871,0,1,k,50.0,13,incorrect,correct,0,1
14,142,3,0,0,-1,-1,0,1,4,-51,0,-51,d,6.47,0.47,4.03,1,2,22,-100,61,0.2531142572,0.3500697632,0,1,k,50.0,13,incorrect,incorrect,0,1
15,143,3,1,0,1,-1,0,1,4,40,0,40,d,6.75,0.63,4.07,10,11,31,-100,60,0.6857216005,0.7503154598,1,1,d,40.0,13,correct,incorrect,1,0
16,144,3,1,1,1,1,0,1,4,46,4,50,k,4.4,0.41,4.87,10,12,32,-100,60,0.3132742878,0.4101086277,1,1,k,50.0,13,correct,correct,1,0
17,145,3,1,0,1,-1,0,1,4,59,0,59,d,4.15,0.6,4.92,10,11,31,-100,60,0.1306556832,0.2500443326,1,1,d,40.0,13,correct,correct,1,0
18,146,3,0,0,-1,-1,0,1,4,-48,0,-48,d,5.41,0.69,3.87,1,2,22,-100,61,0.4644478327,0.6302596835,0,1,k,50.0,13,incorrect,correct,0,1
19,147,3,1,1,1,1,0,1,4,36,4,40,k,6.33,0.62,3.64,10,12,32,-100,60,0.1016239696,0.2700313436,1,1,k,50.0,13,correct,incorrect,1,0
20,148,3,1,1,1,1,0,1,4,43,4,47,k,4.33,0.45,4.53,10,12,32,-100,60,0.2115325732,0.3801104352,1,1,k,50.0,13,correct,correct,1,0
21,149,3,1,0,1,-1,0,1,4,47,0,47,d,5.06,0.5,4.49,10,11,31,-100,60,0.1468286664,0.2600366977,1,1,d,40.0,13,correct,correct,1,0
22,150,3,0,0,-1,-1,0,1,4,-48,0,-48,d,6.23,0.5,3.43,1,2,22,-100,61,0.2223314777,0.3200881064,0,1,k,50.0,13,incorrect,correct,0,1
23,151,3,1,1,1,1,0,1,4,36,4,40,k,6.65,0.7,4.64,10,12,32,-100,60,0.1705484525,0.3800842063,1,1,k,50.0,13,correct,incorrect,1,0
24,152,3,0,0,-1,-1,0,1,4,-53,0,-53,d,4.82,0.68,4.13,1,2,22,-100,61,0.2185006292,0.3401173117,0,1,k,50.0,13,incorrect,correct,0,1
25,153,3,0,1,-1,1,0,1,4,-33,4,-29,k,6.37,0.5,3.38,1,3,23,-100,60,0.2298360863,0.3600892126,1,1,k,50.0,13,correct,incorrect,1,0
26,154,3,1,1,1,1,1,2,8,39,8,47,k,6.81,0.63,3.66,10,12,32,-100,60,0.2505423971,0.3701026748,1,1,k,50.0,13,correct,correct,1,0
27,155,3,0,0,-1,-1,0,2,8,-34,0,-34,d,4.06,0.65,4.5,1,2,22,-100,61,0.8346414534,0.970435155,0,1,k,50.0,13,incorrect,correct,0,1
28,156,3,0,1,-1,1,0,2,8,-55,8,-47,k,6.33,0.66,3.01,1,3,23,-100,60,0.2417511457,0.340059437,1,1,k,50.0,13,correct,incorrect,1,0
29,157,3,0,0,-1,-1,0,2,8,-33,0,-33,d,5.41,0.57,3.51,1,2,22,-100,61,0.7516023877,0.870379504,0,1,k,50.0,13,incorrect,correct,0,1
30,158,3,1,1,1,1,0,2,8,55,8,63,k,6.4,0.52,4.64,10,12,32,-100,60,0.2020702034,0.3000124302,1,1,k,50.0,13,correct,incorrect,1,0
31,159,3,1,1,1,1,0,2,8,56,8,64,k,6.12,0.48,4.02,10,12,32,-100,61,0.4532443755,0.5401673177,0,1,d,40.0,13,incorrect,correct,0,1
32,160,3,1,0,1,-1,0,2,8,53,0,53,d,6.18,0.57,3.9,10,11,31,-100,60,0.1843194934,0.2900388815,1,1,d,40.0,13,correct,incorrect,1,0
33,161,3,1,0,1,-1,0,2,8,37,0,37,d,5.15,0.49,4.7,10,11,31,-100,60,0.2093159439,0.3101211149,1,1,d,40.0,13,correct,correct,1,0
34,162,3,0,1,-1,1,0,2,8,-50,8,-42,k,5.59,0.41,4.21,1,3,23,-100,60,0.2430320865,0.3601148713,1,1,k,50.0,13,correct,correct,1,0
35,163,3,1,0,1,-1,0,2,8,48,0,48,d,6.2,0.43,4.67,10,11,31,-100,60,0.2869170693,0.3894262651,1,1,d,40.0,13,correct,correct,1,0
36,164,3,1,0,1,-1,0,2,8,59,0,59,d,5.34,0.65,3.55,10,11,31,-100,61,0.0794947397,0.2300376499,0,1,k,50.0,13,incorrect,correct,0,1
37,165,3,1,1,1,1,0,2,8,55,8,63,k,6.33,0.51,3.33,10,12,32,-100,61,0.0731094219,0.2100318225,0,1,d,40.0,13,incorrect,incorrect,0,1
38,166,3,1,1,1,1,1,0,2,33,2,35,k,5.57,0.49,4.97,10,12,32,-100,60,0.2179954373,0.3501002686,1,1,k,50.0,13,correct,incorrect,1,0
39,167,3,0,1,-1,1,0,0,2,-48,2,-46,k,6.79,0.5,4.26,1,3,23,-100,61,0.1986342143,0.2800533588,0,1,d,40.0,13,incorrect,correct,0,1
40,168,3,0,1,-1,1,0,0,2,-58,2,-56,k,4.42,0.46,3.94,1,3,23,-100,60,0.1489948335,0.2800291255,1,1,k,50.0,13,correct,incorrect,1,0
41,169,3,1,0,1,-1,0,0,2,40,0,40,d,5.56,0.44,4.27,10,11,31,-100,61,0.2261038814,0.3601063184,0,1,k,50.0,13,incorrect,correct,0,1
42,170,3,0,0,-1,-1,0,0,2,-38,0,-38,d,4.68,0.66,3.1,1,2,22,-100,61,0.0766001497,0.2300222547,0,1,k,50.0,13,incorrect,incorrect,0,1
43,171,3,0,1,-1,1,0,0,2,-39,2,-37,k,6.07,0.67,4.62,1,3,23,-100,60,0.0154362925,0.1801222952,1,1,k,50.0,13,correct,incorrect,1,0
44,172,3,0,0,-1,-1,0,0,2,-32,0,-32,d,4.4,0.65,3.88,1,2,22,-100,61,0.0516136776,0.1800005588,0,1,k,50.0,13,incorrect,correct,0,1
45,173,3,1,1,1,1,0,0,2,41,2,43,k,4.88,0.64,4.1,10,12,32,-100,61,0.1275119185,0.2400029308,0,1,d,40.0,13,incorrect,incorrect,0,1
46,174,3,0,0,-1,-1,0,0,2,-47,0,-47,d,5.73,0.53,3.01,1,2,22,-100,61,0.3294658023,0.4301352671,0,1,k,50.0,13,incorrect,incorrect,0,1
47,175,3,1,1,1,1,0,0,2,37,2,39,k,4.88,0.67,4.36,10,12,32,-100,60,0.5588340445,0.6802751072,1,1,k,50.0,13,correct,incorrect,1,0
48,176,3,1,1,1,1,0,0,2,45,2,47,k,6.8,0.62,3.15,10,12,32,-100,61,0.3418558333,0.4401541463,0,1,d,40.0,13,incorrect,correct,0,1
49,177,3,0,1,-1,1,0,0,2,-47,2,-45,k,5.28,0.65,4.7,1,3,23,-100,60,0.2990117397,0.4501798677,1,1,k,50.0,13,correct,incorrect,1,0
50,178,3,1,0,1,-1,0,0,2,49,0,49,d,5.61,0.53,3.57,10,11,31,-100,60,0.2446183663,0.3300836076,1,1,d,40.0,13,correct,correct,1,0
51,179,3,0,1,-1,1,0,0,2,-48,2,-46,k,5.56,0.66,3.42,1,3,23,-100,60,0.2523128495,0.3701271932,1,1,k,50.0,13,correct,correct,1,0
52,180,3,0,1,-1,1,0,0,2,-55,2,-53,k,6.31,0.43,4.46,1,3,23,-100,60,0.2909831228,0.4100989344,1,1,k,50.0,13,correct,correct,1,0
53,181,3,0,0,-1,-1,1,3,12,-60,0,-60,d,4.35,0.61,3.02,1,2,22,-100,60,0.0495906292,0.1800005588,1,1,d,40.0,13,correct,correct,1,0
54,182,3,0,1,-1,1,0,3,12,-49,12,-37,k,5.79,0.61,4.87,1,3,23,-100,60,0.2404465417,0.3700849988,1,1,k,50.0,13,correct,correct,1,0
55,183,3,0,1,-1,1,0,3,12,-47,12,-35,k,4.72,0.45,4.27,1,3,23,-100,61,0.2903567647,0.3900856945,0,1,d,40.0,13,incorrect,correct,0,1
56,184,3,0,0,-1,-1,0,3,12,-42,0,-42,d,4.74,0.53,4.02,1,2,22,-100,61,0.1502569579,0.3200835448,0,1,k,50.0,13,incorrect,incorrect,0,1
57,185,3,1,0,1,-1,0,3,12,56,0,56,d,6.82,0.48,3.37,10,11,31,-100,60,0.2313482409,0.4001099904,1,1,d,40.0,13,correct,incorrect,1,0
58,186,3,0,1,-1,1,0,3,12,-56,12,-44,k,4.59,0.57,3.27,1,3,23,-100,60,0.2537255052,0.3501185148,1,1,k,50.0,13,correct,correct,1,0
59,187,3,0,0,-1,-1,0,3,12,-42,0,-42,d,4.3,0.56,4.86,1,2,22,-100,61,0.6313022832,0.800367376,0,1,k,50.0,13,incorrect,correct,0,1
60,188,3,1,0,1,-1,0,3,12,45,0,45,d,6.72,0.62,3.0,10,11,31,-100,61,0.9086420886,1.0604673652,0,1,k,50.0,13,incorrect,incorrect,0,1
61,189,3,1,1,1,1,0,3,12,34,12,46,k,4.4,0.47,4.64,10,12,32,-100,60,0.2240483319,0.3901458499,1,1,k,50.0,13,correct,incorrect,1,0
62,190,3,1,0,1,-1,0,3,12,35,0,35,d,4.03,0.46,3.76,10,11,31,-100,60,0.6885426354,0.8203635101,1,1,d,40.0,13,correct,correct,1,0
64,192,3,1,1,1,1,0,3,12,58,12,70,k,4.21,0.64,4.54,10,12,32,-100,61,0.9378491369,1.0204214988,0,1,d,40.0,13,incorrect,incorrect,0,1
1,193,4,1,0,1,-1,0,1,4,57,0,57,d,5.88,0.54,4.97,10,11,31,-100,60,0.2178349277,0.3200769876,1,1,d,40.0,13,correct,incorrect,1,0
2,194,4,0,1,-1,1,0,1,4,-31,4,-27,k,6.6,0.42,4.35,1,3,23,-100,60,0.22636446,0.3400243701,1,1,k,50.0,13,correct,correct,1,0
3,195,4,1,1,1,1,0,1,4,30,4,34,k,5.95,0.55,4.82,10,12,32,-100,60,0.149269667,0.2800878555,1,1,k,50.0,13,correct,correct,1,0
4,196,4,1,0,1,-1,0,1,4,37,0,37,d,6.44,0.45,3.85,10,11,31,-100,61,0.2424433612,0.3600951996,0,1,k,50.0,13,incorrect,correct,0,1
5,197,4,0,1,-1,1,0,1,4,-52,4,-48,k,5.71,0.44,3.63,1,3,23,-100,60,0.1540986401,0.2500500345,1,1,k,50.0,13,correct,incorrect,1,0
6,198,4,0,1,-1,1,0,1,4,-41,4,-37,k,6.96,0.45,4.94,1,3,23,-100,60,0.250101352,0.3500902902,1,1,k,50.0,13,correct,correct,1,0
7,199,4,1,1,1,1,0,1,4,32,4,36,k,5.61,0.53,4.29,10,12,32,-100,60,0.1035418172,0.270053296,1,1,k,50.0,13,correct,correct,1,0
8,200,4,0,0,-1,-1,0,1,4,-47,0,-47,d,6.41,0.65,4.39,1,2,22,-100,61,0.0023189791,0.1700042023,0,1,k,50.0,13,incorrect,correct,0,1
9,201,4,1,1,1,1,0,1,4,55,4,59,k,4.39,0.66,3.08,10,12,32,-100,60,0.2249355538,0.3700761608,1,1,k,50.0,13,correct,incorrect,1,0
10,202,4,1,1,1,1,0,1,4,46,4,50,k,6.51,0.55,3.04,10,12,32,-100,61,0.2764081084,0.4101097681,0,1,d,40.0,13,incorrect,correct,0,1
11,203,4,0,1,-1,1,0,1,4,-49,4,-45,k,5.82,0.63,3.28,1,3,23,-100,60,0.2098402373,0.3800730875,1,1,k,50.0,13,correct,incorrect,1,0
12,204,4,0,0,-1,-1,0,1,4,-44,0,-44,d,4.05,0.51,4.74,1,2,22,-100,61,0.1876659621,0.3701026748,0,1,k,50.0,13,incorrect,correct,0,1
13,205,4,1,0,1,-1,0,1,4,50,0,50,d,4.75,0.55,4.61,10,11,31,-100,60,0.2212814654,0.320089817,1,1,d,40.0,13,correct,incorrect,1,0
14,206,4,1,0,1,-1,1,3,12,49,0,49,d,6.18,0.47,4.82,10,11,31,-100,60,0.0721286882,0.2199948226,1,1,d,40.0,13,correct,correct,1,0
15,207,4,1,1,1,1,0,3,12,41,12,53,k,4.33,0.46,4.63,10,12,32,-100,60,0.3940901671,0.5302011816,1,1,k,50.0,13,correct,correct,1,0
16,208,4,0,0,-1,-1,0,3,12,-32,0,-32,d,5.57,0.64,4.96,1,2,22,-100,61,0.2868158598,0.4501345373,0,1,k,50.0,13,incorrect,correct,0,1
17,209,4,0,1,-1,1,0,3,12,-40,12,-28,k,6.2,0.65,4.57,1,3,23,-100,60,0.2015846832,0.3500971326,1,1,k,50.0,13,correct,incorrect,1,0
18,210,4,1,1,1,1,0,3,12,59,12,71,k,4.19,0.64,4.94,10,12,32,-100,61,0.2351970505,0.3400822448,0,1,d,40.0,13,incorrect,correct,0,1
19,211,4,0,1,-1,1,0,3,12,-48,12,-36,k,6.94,0.58,3.9,1,3,23,-100,60,0.029823428,0.1800059756,1,1,k,50.0,13,correct,incorrect,1,0
20,212,4,0,0,-1,-1,0,3,12,-54,0,-54,d,5.08,0.56,3.66,1,2,22,-100,61,0.0060047132,0.1099513682,0,1,k,50.0,13,incorrect,correct,0,1
21,213,4,1,0,1,-1,0,3,12,53,0,53,d,5.09,0.53,3.76,10,11,31,-100,60,0.1097965605,0.2701356891,1,1,d,40.0,13,correct,incorrect,1,0
22,214,4,1,0,1,-1,0,3,12,52,0,52,d,6.68,0.68,3.17,10,11,31,-100,60,0.2948419109,0.4001339386,1,1,d,40.0,13,correct,correct,1,0
23,215,4,0,0,-1,-1,0,3,12,-48,0,-48,d,4.66,0.53,3.1,1,2,22,-100,61,0.0475097061,0.159996442,0,1,k,50.0,13,incorrect,correct,0,1
24,216,4,1,0,1,-1,0,3,12,43,0,43,d,5.93,0.52,3.7,10,11,31,-100,60,0.1730293667,0.2900599787,1,1,d,40.0,13,correct,incorrect,1,0
25,217,4,1,1,1,1,0,3,12,54,12,66,k,5.09,0.62,4.17,10,12,32,-100,60,0.150533502,0.3200684347,1,1,k,50.0,13,correct,correct,1,0
26,218,4,1,0,1,-1,0,3,12,54,0,54,d,4.25,0.59,3.39,10,11,31,-100,60,0.0589794439,0.2200609651,1,1,d,40.0,13,correct,correct,1,0
27,219,4,0,0,-1,-1,1,0,2,-42,0,-42,d,5.28,0.68,3.81,1,2,22,-100,61,0.5588465887,0.6902885695,0,1,k,50.0,13,incorrect,correct,0,1
28,220,4,1,0,1,-1,0,0,2,35,0,35,d,6.09,0.65,4.34,10,11,31,-100,60,0.541561157,0.7202941745,1,1,d,40.0,13,correct,incorrect,1,0
29,221,4,0,1,-1,1,0,0,2,-58,2,-56,k,6.73,0.63,3.93,1,3,23,-100,60,0.5722569819,0.7202707965,1,1,k,50.0,13,correct,correct,1,0
30,222,4,0,1,-1,1,0,0,2,-46,2,-44,k,4.6,0.54,3.11,1,3,23,-100,61,0.5983861228,0.7002290469,0,1,d,40.0,13,incorrect,correct,0,1
31,223,4,1,0,1,-1,0,0,2,49,0,49,d,4.1,0.66,4.6,10,11,31,-100,60,0.3022441696,0.4401675458,1,1,d,40.0,13,correct,incorrect,1,0
33,225,4,0,1,-1,1,0,0,2,-59,2,-57,k,6.72,0.53,4.05,1,3,23,-100,60,0.1448184474,0.2900571277,1,1,k,50.0,13,correct,correct,1,0
34,226,4,0,1,-1,1,0,0,2,-44,2,-42,k,4.85,0.64,3.36,1,3,23,-100,60,0.2887844547,0.4501259844,1,1,k,50.0,13,correct,correct,1,0
35,227,4,0,0,-1,-1,0,0,2,-35,0,-35,d,4.94,0.45,4.1,1,2,22,-100,60,0.2785637269,0.3801269708,1,1,d,40.0,13,correct,correct,1,0
36,228,4,1,0,1,-1,0,0,2,34,0,34,d,6.1,0.54,3.98,10,11,31,-100,60,0.8077485376,0.960416846,1,1,d,40.0,13,correct,correct,1,0
37,229,4,0,1,-1,1,0,0,2,-42,2,-40,k,4.01,0.45,4.48,1,3,23,-100,60,0.2454180634,0.4101422691,1,1,k,50.0,13,correct,correct,1,0
38,230,4,1,1,1,1,0,0,2,48,2,50,k,5.0,0.65,3.29,10,12,32,-100,61,0.2975429199,0.4301375479,0,1,d,40.0,13,incorrect,correct,0,1
39,231,4,1,1,1,1,1,2,8,37,8,45,k,6.67,0.5,3.09,10,12,32,-100,60,0.4006750527,0.5302131556,1,1,k,50.0,13,correct,incorrect,1,0
40,232,4,1,0,1,-1,0,2,8,42,0,42,d,4.79,0.53,4.31,10,11,31,-100,60,0.1966148721,0.3100792057,1,1,d,40.0,13,correct,correct,1,0
41,233,4,0,0,-1,-1,0,2,8,-30,0,-30,d,5.17,0.57,4.6,1,2,22,-100,61,0.3656879476,0.5301897777,0,1,k,50.0,13,incorrect,correct,0,1
42,234,4,0,1,-1,1,0,2,8,-31,8,-23,k,4.57,0.69,4.39,1,3,23,-100,60,0.4733656671,0.5702057089,1,1,k,50.0,13,correct,incorrect,1,0
43,235,4,0,0,-1,-1,0,2,8,-34,0,-34,d,6.36,0.67,4.85,1,2,22,-100,60,0.1277069248,0.2400191813,1,1,d,40.0,13,correct,correct,1,0
44,236,4,1,0,1,-1,0,2,8,51,0,51,d,5.95,0.65,3.87,10,11,31,-100,60,0.3771032319,0.5101885118,1,1,d,40.0,13,correct,correct,1,0
45,237,4,0,1,-1,1,0,2,8,-60,8,-52,k,6.48,0.49,3.91,1,3,23,-100,60,0.836112554,1.0004376239,1,1,k,50.0,13,correct,correct,1,0
46,238,4,0,0,-1,-1,0,2,8,-40,0,-40,d,5.95,0.5,3.19,1,2,22,-100,61,0.4455444754,0.5902320633,0,1,k,50.0,13,incorrect,correct,0,1
47,239,4,1,1,1,1,0,2,8,51,8,59,k,4.09,0.45,3.64,10,12,32,-100,60,0.2455121454,0.3800993164,1,1,k,50.0,13,correct,incorrect,1,0
48,240,4,0,0,-1,-1,0,2,8,-51,0,-51,d,4.28,0.61,4.78,1,2,22,-100,60,0.2374099735,0.3400765428,1,1,d,40.0,13,correct,correct,1,0
49,241,4,1,1,1,1,0,2,8,59,8,67,k,5.55,0.5,3.36,10,12,32,-100,62,,,-1,0,,,13,timed out,correct,0,0
51,243,4,1,0,1,-1,0,2,8,40,0,40,d,5.17,0.49,4.48,10,11,31,-100,61,0.4677766254,0.6502469795,0,1,k,50.0,13,incorrect,correct,0,1
52,244,4,0,1,-1,1,1,3,12,-42,12,-30,k,4.85,0.6,3.07,1,3,23,-100,62,,,-1,0,,,13,timed out,incorrect,0,0
53,245,4,0,1,-1,1,0,3,12,-45,12,-33,k,6.0,0.65,3.77,1,3,23,-100,62,,,-1,0,,,13,timed out,timed out,0,0
54,246,4,0,0,-1,-1,0,3,12,-44,0,-44,d,5.58,0.55,3.46,1,2,22,-100,61,0.1078348079,0.2600292852,0,1,k,50.0,13,incorrect,timed out,0,1
55,247,4,1,1,1,1,0,3,12,41,12,53,k,4.06,0.56,3.41,10,12,32,-100,60,0.1744654003,0.3100392921,1,1,k,50.0,13,correct,incorrect,1,0
56,248,4,0,0,-1,-1,0,3,12,-41,0,-41,d,5.25,0.68,3.36,1,2,22,-100,60,0.3441833653,0.4601862026,1,1,d,40.0,13,correct,correct,1,0
57,249,4,0,1,-1,1,0,3,12,-50,12,-38,k,5.81,0.58,4.02,1,3,23,-100,60,0.7674033193,0.9203253641,1,1,k,50.0,13,correct,correct,1,0
58,250,4,0,0,-1,-1,0,3,12,-39,0,-39,d,4.47,0.6,4.08,1,2,22,-100,61,0.2809086498,0.4600704532,0,1,k,50.0,13,incorrect,correct,0,1
59,251,4,1,1,1,1,0,3,12,37,12,49,k,6.35,0.47,3.56,10,12,32,-100,60,0.2185719035,0.3801149967,1,1,k,50.0,13,correct,incorrect,1,0
60,252,4,1,0,1,-1,0,3,12,60,0,60,d,5.15,0.61,4.92,10,11,31,-100,60,0.1435178348,0.2900750889,1,1,d,40.0,13,correct,correct,1,0
61,253,4,0,0,-1,-1,0,3,12,-56,0,-56,d,6.8,0.53,4.69,1,2,22,-100,60,0.1939968263,0.2800525035,1,1,d,40.0,13,correct,correct,1,0
62,254,4,1,1,1,1,0,3,12,43,12,55,k,4.95,0.45,3.69,10,12,32,-100,60,0.9939927209,1.1105329661,1,1,k,50.0,13,correct,correct,1,0
63,255,4,1,0,1,-1,0,3,12,58,0,58,d,4.92,0.55,3.04,10,11,31,-100,60,0.3118738913,0.4000846168,1,1,d,40.0,13,correct,correct,1,0
64,256,4,0,0,-1,-1,0,3,12,-32,0,-32,d,4.49,0.44,3.76,1,2,22,-100,62,,,-1,0,,,13,timed out,correct,0,0
1,257,5,0,1,-1,1,0,0,2,-55,2,-53,k,5.09,0.58,3.94,1,3,23,-100,60,0.2497492572,0.3200889617,1,1,k,50.0,13,correct,timed out,1,0
2,258,5,1,1,1,1,0,0,2,57,2,59,k,5.48,0.52,4.91,10,12,32,-100,61,0.1865654876,0.270029633,0,1,d,40.0,13,incorrect,correct,0,1
3,259,5,1,1,1,1,0,0,2,52,2,54,k,5.33,0.64,3.94,10,12,32,-100,60,0.4482563182,0.5301835055,1,1,k,50.0,13,correct,incorrect,1,0
4,260,5,0,0,-1,-1,0,0,2,-58,0,-58,d,5.13,0.67,4.02,1,2,22,-100,61,0.8058472256,0.9504045241,0,1,k,50.0,13,incorrect,correct,0,1
5,261,5,0,1,-1,1,0,0,2,-31,2,-29,k,6.95,0.7,4.88,1,3,23,-100,61,0.261701094,0.3601194328,0,1,d,40.0,13,incorrect,incorrect,0,1
6,262,5,0,0,-1,-1,0,0,2,-52,0,-52,d,6.2,0.55,3.42,1,2,22,-100,61,0.1250318596,0.2700572874,0,1,k,50.0,13,incorrect,incorrect,0,1
7,263,5,1,0,1,-1,0,0,2,47,0,47,d,6.84,0.47,3.13,10,11,31,-100,61,0.2565328554,0.3701291889,0,1,k,50.0,13,incorrect,incorrect,0,1
8,264,5,0,0,-1,-1,0,0,2,-33,0,-33,d,5.57,0.61,4.53,1,2,22,-100,61,0.2893663377,0.4101114786,0,1,k,50.0,13,incorrect,incorrect,0,1
9,265,5,1,0,1,-1,0,0,2,55,0,55,d,4.56,0.56,3.27,10,11,31,-100,61,0.4698458595,0.5902249358,0,1,k,50.0,13,incorrect,incorrect,0,1
10,266,5,1,1,1,1,0,0,2,60,2,62,k,5.02,0.51,4.0,10,12,32,-100,61,0.2156659096,0.2800690391,0,1,d,40.0,13,incorrect,incorrect,0,1
11,267,5,1,0,1,-1,0,0,2,36,0,36,d,5.42,0.58,4.03,10,11,31,-100,61,0.2508944919,0.3400865212,0,1,k,50.0,13,incorrect,incorrect,0,1
12,268,5,1,1,1,1,0,0,2,37,2,39,k,4.39,0.52,4.56,10,12,32,-100,60,0.0930297202,0.1900610621,1,1,k,50.0,13,correct,incorrect,1,0
13,269,5,0,0,-1,-1,1,3,12,-48,0,-48,d,5.04,0.66,4.35,1,2,22,-100,61,0.0765052124,0.1800105372,0,1,k,50.0,13,incorrect,correct,0,1
14,270,5,1,0,1,-1,0,3,12,37,0,37,d,6.17,0.45,3.53,10,11,31,-100,61,0.1621075853,0.2500377754,0,1,k,50.0,13,incorrect,incorrect,0,1
15,271,5,1,1,1,1,0,3,12,51,12,63,k,6.15,0.57,3.05,10,12,32,-100,60,0.155617637,0.2600486718,1,1,k,50.0,13,correct,incorrect,1,0
16,272,5,0,0,-1,-1,0,3,12,-60,0,-60,d,6.88,0.56,3.38,1,2,22,-100,61,0.2266772115,0.3001957476,0,1,k,50.0,13,incorrect,correct,0,1
17,273,5,1,1,1,1,0,3,12,46,12,58,k,4.19,0.64,3.51,10,12,32,-100,60,0.2210015002,0.3200564606,1,1,k,50.0,13,correct,incorrect,1,0
18,274,5,1,1,1,1,0,3,12,60,12,72,k,5.49,0.42,4.83,10,12,32,-100,60,0.1623368033,0.2600532333,1,1,k,50.0,13,correct,correct,1,0
19,275,5,0,1,-1,1,0,3,12,-30,12,-18,k,5.21,0.59,4.86,1,3,23,-100,60,0.1636166038,0.2500269417,1,1,k,50.0,13,correct,correct,1,0
20,276,5,1,1,1,1,0,3,12,43,12,55,k,4.39,0.41,4.23,10,12,32,-100,60,0.2314491652,0.3000571905,1,1,k,50.0,13,correct,correct,1,0
21,277,5,0,1,-1,1,0,3,12,-50,12,-38,k,5.97,0.69,3.06,1,3,23,-100,60,0.1952760566,0.2600566545,1,1,k,50.0,13,correct,correct,1,0
22,278,5,0,0,-1,-1,0,3,12,-46,0,-46,d,6.24,0.55,4.61,1,2,22,-100,61,0.2240623017,0.3100957413,0,1,k,50.0,13,incorrect,correct,0,1
23,279,5,0,1,-1,1,0,3,12,-32,12,-20,k,4.32,0.67,3.94,1,3,23,-100,60,0.0501910435,0.1799569389,1,1,k,50.0,13,correct,incorrect,1,0
24,280,5,1,0,1,-1,0,3,12,57,0,57,d,6.21,0.41,3.26,10,11,31,-100,61,0.2396944558,0.3101057197,0,1,k,50.0,13,incorrect,correct,0,1
25,281,5,0,1,-1,1,1,1,4,-34,4,-30,k,5.68,0.47,4.15,1,3,23,-100,60,0.3752680625,0.5201557884,1,1,k,50.0,13,correct,incorrect,1,0
26,282,5,1,0,1,-1,0,1,4,52,0,52,d,4.89,0.46,4.17,10,11,31,-100,60,0.3388882585,0.4401108115,1,1,d,40.0,13,correct,correct,1,0
27,283,5,0,1,-1,1,0,1,4,-60,4,-56,k,4.07,0.41,3.13,1,3,23,-100,60,0.3376740303,0.5201617755,1,1,k,50.0,13,correct,correct,1,0
28,284,5,0,0,-1,-1,0,1,4,-33,0,-33,d,5.33,0.4,3.64,1,2,22,-100,61,0.5374429307,0.7002795091,0,1,k,50.0,13,incorrect,correct,0,1
29,285,5,1,0,1,-1,0,1,4,30,0,30,d,4.8,0.44,4.96,10,11,31,-100,61,0.2704749545,0.3901053662,0,1,k,50.0,13,incorrect,incorrect,0,1
30,286,5,0,1,-1,1,0,1,4,-53,4,-49,k,4.56,0.5,4.35,1,3,23,-100,60,0.2444835154,0.3601277007,1,1,k,50.0,13,correct,incorrect,1,0
31,287,5,0,0,-1,-1,0,1,4,-43,0,-43,d,6.03,0.43,3.53,1,2,22,-100,61,0.1398554786,0.3001301753,0,1,k,50.0,13,incorrect,correct,0,1
32,288,5,0,1,-1,1,0,1,4,-46,4,-42,k,6.79,0.45,4.4,1,3,23,-100,60,0.2024932874,0.2900534215,1,1,k,50.0,13,correct,incorrect,1,0
33,289,5,0,0,-1,-1,0,1,4,-42,0,-42,d,4.32,0.6,3.51,1,2,22,-100,61,0.1489954037,0.2000163646,0,1,k,50.0,13,incorrect,correct,0,1
34,290,5,0,0,-1,-1,0,1,4,-37,0,-37,d,5.01,0.69,3.06,1,2,22,-100,61,0.0632353721,0.1599696429,0,1,k,50.0,13,incorrect,incorrect,0,1
35,291,5,1,0,1,-1,0,1,4,36,0,36,d,4.55,0.42,3.79,10,11,31,-100,60,0.6955263718,0.8003360153,1,1,d,40.0,13,correct,incorrect,1,0
36,292,5,0,1,-1,1,0,1,4,-32,4,-28,k,4.49,0.48,3.18,1,3,23,-100,60,0.4598147212,0.5801986442,1,1,k,50.0,13,correct,correct,1,0
37,293,5,0,0,-1,-1,1,2,8,-60,0,-60,d,4.23,0.58,4.07,1,2,22,-100,61,0.3476350348,0.4602064444,0,1,k,50.0,13,incorrect,correct,0,1
38,294,5,1,1,1,1,0,2,8,52,8,60,k,5.13,0.56,3.17,10,12,32,-100,61,0.2276821784,0.3400850958,0,1,d,40.0,13,incorrect,incorrect,0,1
39,295,5,1,1,1,1,0,2,8,60,8,68,k,5.78,0.69,4.35,10,12,32,-100,61,0.5589614828,0.6602290811,0,1,d,40.0,13,incorrect,incorrect,0,1
40,296,5,1,1,1,1,0,2,8,59,8,67,k,5.19,0.41,4.0,10,12,32,-100,60,0.4043519488,0.5201734644,1,1,k,50.0,13,correct,incorrect,1,0
41,297,5,1,0,1,-1,0,2,8,42,0,42,d,5.49,0.65,3.13,10,11,31,-100,61,0.3683022872,0.4501650427,0,1,k,50.0,13,incorrect,correct,0,1
42,298,5,0,1,-1,1,0,2,8,-51,8,-43,k,5.58,0.61,3.66,1,3,23,-100,60,0.237790578,0.3400876616,1,1,k,50.0,13,correct,incorrect,1,0
43,299,5,1,0,1,-1,0,2,8,55,0,55,d,4.22,0.52,4.12,10,11,31,-100,60,0.9680098347,1.0704739852,1,1,d,40.0,13,correct,correct,1,0
44,300,5,1,1,1,1,0,2,8,33,8,41,k,5.35,0.7,4.53,10,12,32,-100,60,0.3668106597,0.5001354211,1,1,k,50.0,13,correct,correct,1,0
45,301,5,0,0,-1,-1,0,2,8,-45,0,-45,d,5.88,0.64,3.43,1,2,22,-100,61,0.1764168894,0.3100697975,0,1,k,50.0,13,incorrect,correct,0,1
46,302,5,0,1,-1,1,0,2,8,-32,8,-24,k,5.96,0.52,4.4,1,3,23,-100,60,0.4030992326,0.5401804322,1,1,k,50.0,13,correct,incorrect,1,0
47,303,5,0,1,-1,1,0,2,8,-52,8,-44,k,6.9,0.58,4.14,1,3,23,-100,60,0.2080332925,0.3601219987,1,1,k,50.0,13,correct,correct,1,0
48,304,5,1,0,1,-1,0,2,8,33,0,33,d,5.87,0.52,3.6,10,11,31,-100,60,0.5511369954,0.7303096325,1,1,d,40.0,13,correct,correct,1,0
49,305,5,1,0,1,-1,0,2,8,49,0,49,d,6.53,0.54,4.91,10,11,31,-100,60,0.5316089906,0.6802785284,1,1,d,40.0,13,correct,correct,1,0
50,306,5,1,1,1,1,0,2,8,31,8,39,k,5.59,0.4,4.06,10,12,32,-100,60,0.3970771284,0.5602327304,1,1,k,50.0,13,correct,correct,1,0
51,307,5,0,1,-1,1,0,2,8,-37,8,-29,k,6.67,0.51,4.92,1,3,23,-100,60,0.2470667794,0.3801206987,1,1,k,50.0,13,correct,correct,1,0
52,308,5,1,1,1,1,1,3,12,60,12,72,k,4.15,0.41,3.51,10,12,32,-100,61,0.2554591801,0.4001131265,0,1,d,40.0,13,incorrect,correct,0,1
53,309,5,1,0,1,-1,0,3,12,55,0,55,d,5.51,0.65,3.18,10,11,31,-100,60,0.3655471097,0.5502757173,1,1,d,40.0,13,correct,incorrect,1,0
54,310,5,1,0,1,-1,0,3,12,52,0,52,d,4.62,0.46,3.88,10,11,31,-100,60,0.529644102,0.7103229066,1,1,d,40.0,13,correct,correct,1,0
55,311,5,0,1,-1,1,0,3,12,-50,12,-38,k,6.74,0.52,3.52,1,3,23,-100,60,0.936150814,1.0704383481,1,1,k,50.0,13,correct,correct,1,0
56,312,5,1,1,1,1,0,3,12,41,12,53,k,5.33,0.65,4.23,10,12,32,-100,60,0.2893489468,0.4501550643,1,1,k,50.0,13,correct,correct,1,0
57,313,5,0,0,-1,-1,0,3,12,-32,0,-32,d,4.44,0.54,3.98,1,2,22,-100,61,0.4732715851,0.620169245,0,1,k,50.0,13,incorrect,correct,0,1
58,314,5,1,0,1,-1,0,3,12,35,0,35,d,5.31,0.64,3.15,10,11,31,-100,61,0.427078457,0.5902092555,0,1,k,50.0,13,incorrect,incorrect,0,1
59,315,5,1,1,1,1,0,3,12,56,12,68,k,6.09,0.68,3.6,10,12,32,-100,60,0.6124619324,0.7803447279,1,1,k,50.0,13,correct,incorrect,1,0
60,316,5,0,0,-1,-1,0,3,12,-33,0,-33,d,4.02,0.42,4.55,1,2,22,-100,60,0.4144036141,0.5201463802,1,1,d,40.0,13,correct,correct,1,0
61,317,5,1,0,1,-1,0,3,12,59,0,59,d,5.25,0.64,4.79,10,11,31,-100,60,0.3013227361,0.4000777745,1,1,d,40.0,13,correct,correct,1,0
62,318,5,0,0,-1,-1,0,3,12,-30,0,-30,d,4.56,0.66,3.0,1,2,22,-100,61,0.2779422154,0.4301255738,0,1,k,50.0,13,incorrect,correct,0,1
63,319,5,0,1,-1,1,0,3,12,-45,12,-33,k,4.08,0.45,3.7,1,3,23,-100,60,0.252232167,0.4301298503,1,1,k,50.0,13,correct,incorrect,1,0
64,320,5,0,0,-1,-1,0,3,12,-51,0,-51,d,5.82,0.49,3.76,1,2,22,-100,61,0.5296697607,0.6902740295,0,1,k,50.0,13,incorrect,correct,0,1
