s1eeg_twin1,s1eeg_twin2,s1eeg_twin3,s1keep,s2eeg,s2keep,trlid,subid
-9.683300110749837e-11,-9.457176811925523e-11,-9.62203353955095e-11,1.0,-1.010294837533855e-10,1.0,1,32
-6.272019830280905e-11,-6.888305147916476e-11,-6.575152561917726e-11,1.0,-6.467197241874757e-11,1.0,2,32
-6.238149361361466e-11,-4.8081165382097e-11,-5.586077219568235e-11,1.0,-3.1097191979414566e-11,1.0,3,32
-2.682431943198865e-11,5.594609609141006e-10,2.670602601543973e-10,1.0,-3.1259321869155556e-11,1.0,4,32
-5.080296772350144e-11,4.9542147652271e-12,-2.3075437489292404e-11,1.0,-3.404703367412015e-11,1.0,5,32
1.1591512955993571e-11,6.274594381208046e-12,8.799680429000565e-12,1.0,2.1107476013189566e-10,1.0,6,32
-1.0837591412096977e-10,2.0816581028567563e-10,5.051525322544146e-11,1.0,4.683619624090917e-10,1.0,7,32
-1.5269149337886996e-10,-2.0099516209745492e-10,-1.7690047641536155e-10,1.0,-1.2960895238716532e-10,1.0,8,32
9.190465629380177e-11,2.05014964086039e-10,1.4891849540673438e-10,1.0,8.760022545582761e-10,1.0,9,32
-2.969027382224821e-11,1.3537383848598546e-10,5.304330424686351e-11,1.0,1.4720242019249102e-10,1.0,10,32
-2.5581801204298715e-10,-2.455543764233133e-10,-2.508203970055474e-10,1.0,-1.6457896216206213e-10,1.0,11,32
-2.5670482679576335e-10,-2.214901425061212e-10,-2.39050527772453e-10,1.0,-1.2881255207205063e-10,1.0,12,32
-2.3167684625981122e-10,-2.3072877693292847e-10,-2.3134179560304021e-10,1.0,-1.4723019451858412e-10,1.0,13,32
-2.56692278789345e-10,-2.6628966774201876e-10,-2.6199450394662897e-10,1.0,-2.5904730753989254e-10,1.0,14,32
8.20595148857067e-11,1.0219506077003653e-09,5.518122650901033e-10,1.0,2.211376696080007e-12,1.0,15,32
-2.6664494319759394e-10,-1.4611310557483847e-10,-2.0596295028094129e-10,1.0,-2.8463982634459724e-10,1.0,16,32
5.041380500101714e-11,7.120217077537699e-11,6.080972316045427e-11,1.0,-5.3080969944333643e-11,1.0,17,32
-1.2513966788907125e-09,-7.343518028985688e-10,-9.928706640685633e-10,1.0,-1.0251763727628843e-09,1.0,18,32
-3.6282097600288397e-12,1.482219137545148e-10,7.250991152547575e-11,1.0,5.936083458201138e-10,1.0,19,32
-3.600829928363301e-10,-3.9410808134457e-10,-3.7715841266799214e-10,1.0,-2.7570566084955334e-10,1.0,20,32
2.806636513373572e-11,8.019219020726584e-10,4.1314947029144823e-10,1.0,-2.820877857884406e-10,1.0,21,32
3.4445798114658166e-11,1.1289883443674807e-10,7.398363631735154e-11,1.0,1.3050785552304435e-09,1.0,22,32
-2.365602679393386e-10,-1.4991688434263542e-10,-1.9316603887863294e-10,1.0,6.497066872417782e-11,1.0,23,32
-1.2083388141417114e-09,-1.2111752762522275e-09,-1.2095721422351791e-09,1.0,-1.0207551747035705e-09,1.0,24,32
-8.587372688445402e-11,-3.667632561430402e-11,-6.132767809160353e-11,1.0,6.462606612195787e-11,1.0,25,32
-1.7864271344063149e-10,-1.3201366584996916e-10,-1.5511572305037915e-10,1.0,3.313537959445967e-10,1.0,26,32
-3.7624104752762225e-10,-1.126340514618728e-10,-2.441220200212166e-10,1.0,-2.286339609828819e-10,1.0,27,32
-3.11930290683949e-10,-8.911453325691362e-11,-2.004204138154664e-10,1.0,-5.5748163378086145e-11,1.0,28,32
-8.493106637931283e-10,-8.034209107289104e-10,-8.262356401175176e-10,1.0,-5.457525583138952e-10,1.0,29,32
9.771198892016102e-12,1.8559360617681777e-09,9.281856190814342e-10,1.0,-2.729857064476706e-10,1.0,30,32
-6.143263132131101e-11,-9.572932725373527e-11,-7.915303894401997e-11,1.0,-2.144848927814397e-10,1.0,31,32
-1.666386315946937e-10,3.848241787757631e-10,1.0799597936272375e-10,1.0,6.177874910063045e-10,1.0,32,32
4.232443657192045e-10,1.1727109268745837e-09,7.961075552239409e-10,1.0,1.4668835966228219e-10,1.0,33,32
-9.204093694131102e-10,-7.771008197256948e-10,-8.47752156422196e-10,1.0,-1.0211585104816313e-09,1.0,34,32
1.0241193633700853e-10,4.2310385531326273e-10,2.6259982570647795e-10,1.0,1.7081094641415855e-09,1.0,35,32
-2.2240114815467214e-10,7.833172557684568e-11,-7.27839576567738e-11,1.0,-6.135456390125187e-11,1.0,36,32
-9.320074534978232e-10,-6.520282417422621e-10,-7.912238874194306e-10,1.0,-8.038702790185887e-10,1.0,37,32
-3.610449243736425e-11,1.127977596465687e-09,5.478553127478726e-10,1.0,4.3671490522444586e-10,1.0,38,32
-5.755317958855885e-11,1.6014096243084496e-10,5.133539065330073e-11,1.0,-3.9214853328177074e-11,1.0,39,32
-7.745243225011225e-11,7.4187567097664e-10,3.3331536616981306e-10,1.0,3.3707360458490845e-10,1.0,40,32
-5.281392327371875e-10,-5.552058432425398e-10,-5.416151462286626e-10,1.0,-3.7575737742802707e-10,1.0,41,32
1.2549700506987205e-10,3.7756014153610835e-10,2.5193177249138095e-10,1.0,7.481376340059371e-10,1.0,42,32
-4.915756175034457e-10,-3.792659409088893e-10,-4.350866280967388e-10,1.0,-3.4230876786549805e-10,1.0,43,32
-1.1046973832988093e-09,-1.0008977303670764e-09,-1.053274020139212e-09,1.0,-3.254354502358797e-10,1.0,44,32
-1.3166287851315413e-09,-5.325364574842747e-10,-9.252580207388662e-10,1.0,-1.0715155785216409e-09,1.0,45,32
-6.213919699474015e-12,1.3563593143877113e-10,6.526035722269458e-11,1.0,3.1969668478105704e-10,1.0,46,32
2.4880953070500295e-10,1.5555110333366662e-09,9.025528580623408e-10,1.0,1.4652522507165683e-10,1.0,47,32
2.4287605012456582e-11,4.842113649145288e-10,2.530139719345398e-10,1.0,8.223508881203035e-11,1.0,48,32
-4.197113636588012e-10,-2.9607735713442297e-10,-3.573831381485193e-10,1.0,-4.5148164204188024e-10,1.0,49,32
-7.101002619997778e-10,6.390011633780719e-10,-3.169719374807148e-11,1.0,1.1607387312587713e-10,1.0,50,32
-8.378463658267224e-11,-7.097569474987552e-11,-7.671903629481046e-11,1.0,-9.789009734839216e-11,1.0,51,32
3.1212848380975406e-10,5.510726683469395e-10,4.3204730581452874e-10,1.0,1.1790121274077268e-09,1.0,52,32
-5.4446951020087623e-11,8.3287995052089e-10,3.903422621964842e-10,1.0,-5.462693987162731e-11,1.0,53,32
-3.0215202863776865e-10,-2.707905032606322e-10,-2.8655973241544724e-10,1.0,1.987877565706312e-10,1.0,54,32
1.4341400967713853e-11,1.9277499942034285e-09,9.75051151261038e-10,1.0,9.488164244424889e-10,1.0,55,32
-2.2868117987925765e-10,2.0183065350344828e-10,-1.2328344455741188e-11,1.0,1.2877389337128754e-10,1.0,56,32
2.875567183068107e-10,1.3196386712958467e-09,8.044516172559051e-10,1.0,1.356027368992911e-09,1.0,57,32
2.1496932830448886e-10,1.9115731701268e-09,1.0604737367560583e-09,1.0,1.6174420216361323e-10,1.0,58,32
-1.5888979417222831e-10,7.551556045025206e-12,-7.581825986530721e-11,1.0,1.1244445304629662e-09,1.0,59,32
-1.2177413605086995e-10,-2.341299005127035e-11,-7.220971948327609e-11,1.0,2.999507345806422e-10,1.0,60,32
-1.2825321676456943e-09,-9.669674351284449e-10,-1.1239701430959811e-09,1.0,-2.0060227638565216e-10,1.0,61,32
5.482760975853378e-10,8.491716524780176e-10,6.954912331920119e-10,1.0,1.7171862184769133e-11,1.0,62,32
-2.93863941235783e-11,-4.496618618526355e-11,-3.741702015025547e-11,1.0,8.959651008073837e-10,1.0,63,32
-1.947407308918561e-11,1.342543702567868e-09,6.649680793089986e-10,1.0,5.556322428389173e-10,1.0,64,32
-3.5840007804412925e-11,3.915464943383928e-11,1.8109771592826889e-12,1.0,-2.4256808749643815e-11,1.0,65,32
-3.225190928247969e-10,-1.862442525363686e-11,-1.6961843015791952e-10,1.0,-2.01278293594162e-10,1.0,66,32
-3.031448351462663e-10,1.933174103455105e-10,-5.396480522314579e-11,1.0,3.4798288732044206e-10,1.0,67,32
-1.266413569816514e-09,-1.1024428672684903e-09,-1.1847257837255161e-09,1.0,-1.0711632982994007e-09,1.0,68,32
-1.165687553163327e-10,-1.0873173829555968e-10,-1.1249804417718487e-10,1.0,3.110767966405983e-10,1.0,69,32
-3.053954614247944e-11,2.04070335945058e-10,8.746310805259769e-11,1.0,1.4504793656180643e-09,1.0,70,32
-4.621960213668852e-11,-1.1256280144522476e-10,-7.871070267310842e-11,1.0,8.59460094573035e-10,1.0,71,32
9.95047505743443e-10,1.02092811420693e-09,1.0032275569451396e-09,1.0,4.355893183808253e-10,1.0,72,32
4.00008925624065e-10,1.3946192224741368e-09,8.956382902288218e-10,1.0,5.54932636401573e-10,1.0,73,32
-2.9159211403161933e-10,7.267614741009703e-10,2.1928332070133464e-10,1.0,2.9748028299151316e-10,1.0,74,32
7.766033830723457e-10,1.1764088130611315e-09,9.714353583121933e-10,1.0,1.2153899709989983e-10,1.0,75,32
-1.4179949034135404e-10,-7.853001537623522e-11,-1.0999468836447619e-10,1.0,2.706806078148024e-10,1.0,76,32
-3.5028872159454084e-10,-3.314874570363376e-10,-3.409086733377877e-10,1.0,-2.4923641853436307e-10,1.0,77,32
-4.691624767470998e-10,-3.6966371105694505e-10,-4.192893395349637e-10,1.0,-1.5220005757713806e-10,1.0,78,32
-1.4786552265756656e-09,-1.4756282660163612e-09,-1.4769778969074043e-09,1.0,-1.4479694855832144e-09,1.0,79,32
-1.6941953498283488e-10,-1.4365910701593104e-10,-1.5628943430938874e-10,1.0,2.5097569615344357e-12,1.0,80,32
-2.570639399000722e-11,5.54943411382408e-12,-1.0198357674805207e-11,1.0,1.2031475182601376e-12,1.0,81,32
-2.1014140435509506e-09,-2.062643468076058e-09,-2.0819857322179756e-09,1.0,-1.49369225236627e-09,1.0,82,32
-4.184499310158942e-10,-4.3975891287254256e-10,-4.2917516653533193e-10,1.0,-6.774363122104468e-11,1.0,83,32
-3.8198101565000474e-11,1.8641484399160215e-11,-9.765420501030454e-12,1.0,5.484156033309911e-10,1.0,84,32
-4.0026857539144495e-11,6.65719420282705e-10,3.143015381754673e-10,1.0,3.0420155916359567e-10,1.0,85,32
-2.5252485573150755e-11,-4.6633890726439166e-11,-3.6034671695592636e-11,1.0,1.330802125029675e-10,1.0,86,32
3.9325373626059896e-10,-1.6158883165011e-10,1.1541336399268481e-10,1.0,-3.338393774256142e-10,1.0,87,32
-1.432162068450268e-09,-1.3112755984032534e-09,-1.3726586793478004e-09,1.0,-2.589292889838493e-10,1.0,88,32
-9.769924755548237e-11,4.4397119092550364e-10,1.703867944224659e-10,1.0,2.0159566725211826e-10,1.0,89,32
-6.313062965578528e-10,-5.433203304335832e-10,-5.872388918797461e-10,1.0,3.943357644801505e-10,1.0,90,32
1.2119430635717402e-10,6.735405637102645e-10,3.94623508797029e-10,1.0,2.7264757833574203e-10,1.0,91,32
-2.03553209677875e-10,-1.8995336799726393e-10,-1.972346066427026e-10,1.0,9.605771070129277e-10,1.0,92,32
1.1689282955683503e-11,1.9094127566684416e-11,1.4038973993422867e-11,1.0,-1.0612646401974918e-10,1.0,93,32
-1.6008833771979477e-11,-9.965786643996076e-11,-5.793986530701072e-11,1.0,6.164659097944568e-10,1.0,94,32
-1.4684617996480083e-09,-5.951659170901952e-10,-1.031467661747104e-09,1.0,-9.85399432089804e-10,1.0,95,32
-5.52628659192224e-10,-2.3956290300838355e-10,-3.988264221081546e-10,1.0,-4.14179258188399e-10,1.0,96,32
1.9186321151920304e-10,1.5841783432739257e-09,8.896130425514244e-10,1.0,-6.180242817537747e-11,1.0,97,32
-1.1837338993774482e-10,-1.6477821487350734e-10,-1.413862745598456e-10,1.0,-1.960552831882623e-11,1.0,98,32
-7.180633975692614e-10,-7.870721250874037e-10,-7.526111486591081e-10,1.0,2.146053135363394e-10,1.0,99,32
1.1307315455348598e-10,2.095764140551116e-09,1.0949253115400627e-09,1.0,-1.1317679951021122e-10,1.0,100,32
-1.3455027877771148e-09,-8.461050569310109e-10,-1.0948265363696725e-09,1.0,-4.2761252147505845e-10,1.0,101,32
-1.249096525589981e-09,-1.3535814551375663e-09,-1.301463222195841e-09,1.0,-2.6825376660347917e-10,1.0,102,32
7.37756032967291e-10,1.7160567286224493e-09,1.2216443467741847e-09,1.0,1.7829125664148626e-10,1.0,103,32
-4.169637623758364e-10,-4.2553753563641704e-10,-4.208056575688106e-10,1.0,-3.114763517020784e-10,1.0,104,32
-4.710340976672203e-10,-5.280391157661503e-10,-4.994296878176376e-10,1.0,-5.362892950557413e-10,1.0,105,32
-2.8506106888261186e-10,1.0328211539914577e-10,-8.988022210054861e-11,1.0,-3.2621954462247355e-10,1.0,106,32
1.175350068817251e-10,-3.279990676792724e-11,4.177005476158153e-11,1.0,1.706521338345604e-10,1.0,107,32
4.16140040074573e-11,1.0054189968980519e-11,2.54581462985298e-11,1.0,1.2636092196401867e-10,1.0,108,32
-2.086393597414031e-10,-1.7083623937100328e-10,-1.89148625525105e-10,1.0,-6.699454621208582e-12,1.0,109,32
4.94752916734664e-10,-1.320756899368809e-10,1.822853175271536e-10,1.0,4.700749553235473e-10,1.0,110,32
2.671397237092181e-10,1.034957801605124e-10,1.8044357088661068e-10,1.0,7.216809087199919e-10,1.0,111,32
-7.322466799516373e-11,-7.2498932500359886e-12,-4.052018333739934e-11,1.0,1.8671985780108916e-10,1.0,112,32
-2.608918646648375e-10,-2.7920330703100625e-10,-2.693544935674101e-10,1.0,-4.140753366593493e-10,1.0,113,32
1.7475518315374292e-09,3.454568096313334e-10,1.0511507806335831e-09,1.0,3.2275212484694067e-10,1.0,114,32
-2.319775883218597e-10,-2.3257982879844045e-10,-2.3268468979810393e-10,1.0,6.747297049961328e-10,1.0,115,32
-1.6633047627728372e-09,-1.5594881246179087e-09,-1.611857939294181e-09,1.0,-1.389010816824162e-09,1.0,116,32
-3.405473479151598e-13,6.948752651472325e-11,3.4797101828837816e-11,1.0,9.768090191096328e-10,1.0,117,32
-1.5119714061407403e-10,2.5991998611613453e-11,-6.211226092949178e-11,1.0,2.1941010412025702e-10,1.0,118,32
-3.412450855951707e-11,-1.1050779426070152e-11,-2.3516281569346653e-11,1.0,-5.844776590342529e-11,1.0,119,32
-2.639919212436808e-09,-2.47073471241628e-09,-2.5548058489324412e-09,1.0,-2.2328161211784687e-09,1.0,120,32
-2.270081575905313e-10,-8.20000954143249e-11,-1.55795727847128e-10,1.0,4.795217896515058e-11,1.0,121,32
1.6215265044697613e-11,1.0224549097129601e-09,5.224422222157726e-10,1.0,6.034933081400183e-10,1.0,122,32
6.742753024889456e-10,5.293401087557484e-10,6.044080223841859e-10,1.0,7.514400881620071e-10,1.0,123,32
-2.012677717772174e-10,9.240649746340554e-10,3.6391540415273495e-10,1.0,1.7013354002813175e-09,1.0,124,32
-4.098149546056189e-09,-4.099494614010541e-09,-4.0986330310795766e-09,1.0,-4.232159883424796e-09,1.0,125,32
1.8719916819317346e-09,7.971773995130634e-10,1.3314434176823928e-09,1.0,4.718768135671494e-10,1.0,126,32
-6.485334461392175e-11,-5.3076704897987715e-11,-5.91256814127356e-11,1.0,-9.93308424627609e-11,1.0,127,32
1.1109730826546733e-10,1.9069856027256438e-10,1.4939391657484803e-10,1.0,-3.828706641053161e-10,1.0,128,32
-1.233550223828823e-11,-5.6197251228065056e-12,-8.768407070852508e-12,1.0,6.091015867613469e-11,1.0,129,32
3.936670829044156e-11,1.193981857659055e-11,2.5534694648043484e-11,1.0,8.519669928665174e-11,1.0,130,32
-1.2596067585033532e-11,1.7797963099923526e-10,8.304062847577847e-11,1.0,1.4806150907670522e-10,1.0,131,32
-5.363362834587539e-11,-8.99311069709544e-11,-7.189970222626425e-11,1.0,2.4031783043048527e-10,1.0,132,32
6.63020096335967e-11,9.848832156433465e-10,5.272559787610111e-10,1.0,2.0556734449775314e-09,0.0,133,32
-6.948517462794893e-11,1.3572783234215573e-10,3.34535241686456e-11,1.0,7.293736242012708e-10,1.0,134,32
-9.872494090319864e-11,-1.599770090573926e-11,-5.7185974093477646e-11,1.0,9.226673260805401e-11,1.0,135,32
-2.584819156964323e-10,-2.444412762345943e-10,-2.512739113413024e-10,1.0,-1.787044263229335e-10,1.0,136,32
-1.4247174595753597e-10,-9.958764181347422e-11,-1.2085853567487694e-10,1.0,1.0325767973772628e-09,1.0,137,32
1.4320116052247602e-10,2.922993713350392e-10,2.147763670720497e-10,1.0,1.6572214018425403e-10,1.0,138,32
-1.4645531244360912e-11,1.0889121851110204e-10,4.759072949661886e-11,1.0,5.131054890802355e-11,1.0,139,32
2.419293119771957e-11,9.423061598297854e-12,1.6154361687279346e-11,1.0,2.677411391629593e-11,1.0,140,32
-1.6133883910717721e-10,-8.396258810700083e-11,-1.2267215848949172e-10,1.0,-2.435761991597923e-10,1.0,141,32
-4.786744930340388e-10,5.704441673465137e-10,4.844478744893717e-11,1.0,1.9833103929802665e-10,1.0,142,32
-2.991112150454815e-10,-9.295412568848898e-11,-1.9597113695404094e-10,1.0,7.091256128969978e-10,1.0,143,32
-1.2122588613157406e-09,-1.1311793193759765e-09,-1.1723149989297216e-09,1.0,-1.1101202378656223e-09,1.0,144,32
-2.0546456554831357e-10,2.741151004194071e-10,3.5455186112699804e-11,1.0,-2.538735825986406e-11,1.0,145,32
-6.090211247686962e-10,-3.665267266983402e-10,-4.875723066183221e-10,1.0,-1.0380252282912797e-10,1.0,146,32
-5.489366178050844e-10,-4.874352112932892e-10,-5.181862319531653e-10,1.0,-2.515640672009304e-12,1.0,147,32
-3.7203748476205897e-10,-3.416275211968564e-10,-3.5685000585894924e-10,1.0,3.9364234077119794e-10,1.0,148,32
-3.3786483649611546e-11,1.0243216364586654e-10,3.4838666336925325e-11,1.0,8.285460555732726e-10,1.0,149,32
-7.658619337248879e-12,-6.970704231218183e-12,-7.325160991273356e-12,1.0,1.2564370797715835e-09,1.0,150,32
-2.6961380459010063e-10,2.0342827985835115e-11,-1.2405512383460928e-10,1.0,1.0655436881515393e-10,1.0,151,32
-2.649716497072115e-10,-2.920174039523846e-10,-2.786407912155475e-10,1.0,7.397077549123297e-10,1.0,152,32
-9.238014187056532e-10,-9.125255181012622e-10,-9.18007779255653e-10,1.0,4.514101674067167e-10,1.0,153,32
1.0877563601490617e-10,1.6809108532276433e-11,6.316678036198292e-11,1.0,3.994427319924648e-11,1.0,154,32
-5.211978226220706e-10,-5.253831419553727e-10,-5.231150354695582e-10,1.0,2.921105651180403e-10,1.0,155,32
-1.0124078580554996e-09,3.472966674597883e-10,-3.291626262903445e-10,1.0,-6.761537813187421e-10,1.0,156,32
-1.204961284391577e-10,3.26737414257911e-11,-4.318070145643284e-11,1.0,9.871093152957114e-11,1.0,157,32
-6.063890054832079e-10,-5.382025899373088e-10,-5.717372421018241e-10,1.0,-3.4915420796648955e-10,1.0,158,32
-3.13643029373434e-09,-2.6738077564568246e-09,-2.9040009046209706e-09,1.0,-2.5893673513516695e-09,1.0,159,32
-7.085354430413813e-11,-4.5586109229840666e-12,-3.778108922176208e-11,1.0,6.222084292416988e-10,1.0,160,32
2.978575268804223e-11,1.8362163375328907e-10,1.0640542976226105e-10,1.0,6.89924311992858e-10,1.0,161,32
8.147960616096706e-11,6.459449716640512e-10,3.6459639119315857e-10,1.0,8.940233472717308e-10,1.0,162,32
-2.2524914324496843e-10,2.3375782556585167e-10,5.548124661325644e-12,1.0,7.012567876562561e-10,1.0,163,32
-7.283558793138188e-11,8.73276754489022e-10,4.0255602083589e-10,1.0,7.888625467966448e-10,1.0,164,32
-6.703323511382812e-11,-7.164063766985254e-11,-7.043694776294876e-11,1.0,4.1528051984473704e-10,1.0,165,32
4.0675111201450207e-11,7.843125376571473e-11,5.89456850865165e-11,1.0,5.540738322031674e-10,1.0,166,32
2.8873197616515098e-11,6.642789966752352e-10,3.488324940080701e-10,1.0,6.003566853828085e-10,1.0,167,32
-4.54252632492974e-11,-1.0753720472471089e-11,-2.817921765967605e-11,1.0,1.757567304938596e-09,1.0,168,32
-1.8225511430936365e-10,1.873880845806832e-09,8.409958465476027e-10,1.0,-4.707969584959318e-10,1.0,169,32
4.6170381000547284e-11,8.969555914299918e-11,6.804399321813296e-11,1.0,4.200797544049634e-10,1.0,170,32
4.163094956050502e-11,3.192077854791736e-10,1.804963078401661e-10,1.0,1.4570797102473089e-09,1.0,171,32
-8.734796584209641e-10,-1.476233434962934e-10,-5.169808279174093e-10,1.0,-7.07993562345274e-10,1.0,172,32
3.7382355571664894e-10,1.2353283931676528e-10,2.3773776408243416e-10,1.0,4.60162588137551e-11,1.0,173,32
-2.578940513539747e-10,-2.0217010440914557e-10,-2.2975384679528447e-10,1.0,-2.2002426728811845e-10,1.0,174,32
-1.317945060589332e-10,-1.434353666782251e-10,-1.3762106646236022e-10,1.0,1.2176729951904465e-09,1.0,175,32
2.8592046523531395e-10,7.100667580781375e-11,1.7828233408963225e-10,1.0,7.190064032785139e-10,1.0,176,32
-3.1867342623354266e-10,-5.4148044681472654e-11,-1.854917895455205e-10,1.0,2.735245013571335e-10,1.0,177,32
-7.342103384123738e-11,1.0695676379139712e-09,5.008618129467323e-10,1.0,-5.237138589224251e-11,1.0,178,32
2.793230815310459e-10,1.2028473504870229e-09,7.397737413944164e-10,1.0,1.602164986096784e-10,1.0,179,32
-3.26241371387309e-10,1.312490249069853e-10,-9.637611683187237e-11,1.0,-1.497313028732214e-11,1.0,180,32
-9.217524557312626e-10,-8.412046597360516e-10,-8.816322264288375e-10,1.0,-5.096701194014609e-10,1.0,181,32
-1.969561134678907e-09,-1.6411973689599988e-09,-1.8043953205268658e-09,1.0,-1.951283091032423e-09,1.0,182,32
-3.77240682576016e-10,-5.237693614522453e-10,-4.520692401272935e-10,1.0,-1.0575547245598824e-10,1.0,183,32
-1.1475578681465529e-10,-2.3406988239782996e-11,-6.879509062751373e-11,1.0,5.646084262466354e-10,1.0,184,32
-7.411360331922808e-11,2.3279364269699334e-10,7.972299924880205e-11,1.0,3.020868230888398e-10,1.0,185,32
-4.1979540600729065e-10,-3.5455524501451286e-10,-3.8760902914383057e-10,1.0,-3.524217343357765e-10,1.0,186,32
-5.830805274591734e-10,-6.039164622814103e-10,-5.936619112228324e-10,1.0,5.546219113722363e-10,1.0,187,32
-1.0215451714823104e-09,-9.584195466633082e-10,-9.90163013154088e-10,1.0,-3.910858677943717e-11,1.0,188,32
-6.641339659853079e-10,-6.61467648806243e-10,-6.629899366381826e-10,1.0,6.442117021409915e-10,1.0,189,32
-4.163253799517496e-10,7.29343011900531e-10,1.5819819986030946e-10,1.0,2.789857261919472e-10,1.0,190,32
1.4455140573732828e-10,5.348031170835153e-10,3.3831628106885864e-10,1.0,3.443704453793429e-10,1.0,191,32
-1.104725199055198e-10,1.412140781983237e-10,1.59843490620255e-11,1.0,1.4462153106299572e-09,1.0,192,32
-2.4105387311653194e-13,1.18550116813188e-10,5.949497241432318e-11,1.0,3.6599166505988214e-11,1.0,193,32
-2.522501249233861e-10,-2.6299597201256312e-11,-1.3886080545056783e-10,1.0,-1.8510576944884813e-10,1.0,194,32
-1.3830942637452431e-11,-4.1455544933129076e-11,-2.7895981502115824e-11,1.0,2.684874621914484e-10,1.0,195,32
-1.781020408997644e-09,-1.694903458781984e-09,-1.7376291810888451e-09,1.0,-1.489283259803894e-09,1.0,196,32
-3.2717872497056055e-10,8.597561955122008e-10,2.6744165961926697e-10,1.0,-2.0939845674539852e-10,1.0,197,32
-3.229811563906856e-10,1.1424936331788055e-10,-1.0386078976488686e-10,1.0,4.316725665629908e-10,1.0,198,32
-3.2761585023746533e-10,-3.092964083193376e-11,-1.7909560456312556e-10,1.0,1.2793988018916176e-10,1.0,199,32
-1.0230984075302228e-09,6.592495428261387e-10,-1.7770889457250465e-10,1.0,-1.3721431478576263e-10,1.0,200,32
-1.31050791314386e-10,3.325898373244478e-11,-4.8447390399252116e-11,1.0,5.372912477798034e-10,1.0,201,32
-5.745628510159212e-11,1.2244183531979684e-09,5.830112619794819e-10,1.0,9.056340131053424e-10,1.0,202,32
-1.3067740626602578e-10,-4.474718046560498e-11,-8.7317443452238e-11,1.0,1.1584328064660388e-09,1.0,203,32
-5.565783125221966e-11,-9.052738619880686e-11,-7.289351108107033e-11,1.0,9.340342617818813e-10,1.0,204,32
-7.045573341327128e-10,3.252148935870957e-10,-1.876078134725242e-10,1.0,-5.735813952598465e-10,1.0,205,32
5.302920608875136e-11,8.867294831791732e-11,7.10015884189774e-11,1.0,7.086470958308274e-10,1.0,206,32
-8.915377940837287e-10,-8.821709062723001e-10,-8.869518448252471e-10,1.0,-7.387308927190476e-10,1.0,207,32
-1.3464804457000585e-10,1.1087109021581106e-10,-1.1115769679292873e-11,1.0,7.84794262424789e-10,1.0,208,32
-8.711681312709678e-10,-9.793654902835175e-10,-9.254664058465338e-10,1.0,-9.191167033340828e-10,1.0,209,32
-2.7102368598983584e-10,-3.668481664717244e-10,-3.1874431334556554e-10,1.0,-2.2042783448364892e-10,1.0,210,32
-2.9100143929145113e-10,-2.76608621754615e-10,-2.843152174593485e-10,1.0,-1.5272040080668715e-10,1.0,211,32
-1.3176844309435082e-10,-1.225886786958041e-10,-1.273299429673326e-10,1.0,-2.361948685565957e-11,1.0,212,32
-2.956396743408494e-09,-2.919896725229549e-09,-2.938428580833024e-09,1.0,-2.931146260783419e-09,1.0,213,32
-5.591431429520834e-10,-6.429260164990587e-10,-6.010295441863302e-10,1.0,1.0460693354671825e-10,1.0,214,32
-6.187168031033564e-11,3.855011518395814e-10,1.628724726175624e-10,1.0,4.6972600848333e-10,1.0,215,32
3.688663670129986e-11,1.278195463754066e-10,8.240406042169874e-11,1.0,1.4278320490363685e-10,1.0,216,32
-4.322316233522877e-10,4.979214106499358e-10,2.8244699536914973e-11,1.0,8.488699476526812e-11,1.0,217,32
1.1434212090933691e-10,3.49171019143843e-11,7.513167653180456e-11,1.0,1.6473461801418018e-09,1.0,218,32
-1.5156645799330365e-09,-1.3766183043166636e-09,-1.446109145531344e-09,1.0,-3.493357652515228e-10,1.0,219,32
-2.4704310319520893e-10,-2.191964082321218e-10,-2.3325064132158564e-10,1.0,2.9907233548372074e-10,1.0,220,32
7.533257997207761e-10,1.6455159043183925e-10,4.5760419423893353e-10,1.0,1.6838983794480148e-10,1.0,221,32
-8.959782583068809e-11,-5.593910983085541e-11,-7.240999939230079e-11,1.0,4.3207487847703374e-10,1.0,222,32
1.7917034170388254e-10,9.162630455517932e-10,5.470509667336672e-10,1.0,-4.3851822274415256e-11,1.0,223,32
-1.0287037508343006e-10,2.0853325904804203e-10,5.158320786708287e-11,1.0,-3.157283082681494e-11,1.0,224,32
5.682029345263594e-10,1.2044030956003221e-09,8.838774954724567e-10,1.0,4.67126439823434e-10,1.0,225,32
1.1731899225477525e-10,3.214895288434384e-11,7.380395089613751e-11,1.0,8.18397949680727e-11,1.0,226,32
8.717372349444167e-12,2.575427905372122e-10,1.3033254391806163e-10,1.0,1.373648292613302e-10,1.0,227,32
-2.797590314338532e-10,-2.3203309707379368e-10,-2.6061123287156426e-10,1.0,-2.0733226698211865e-10,1.0,228,32
-8.630739868152005e-11,7.052296919632921e-10,3.111080606689984e-10,1.0,1.0328688597184652e-09,1.0,229,32
-1.9308788890483188e-11,-1.5412158575783257e-10,-8.639558845570098e-11,1.0,-2.381183136532e-11,1.0,230,32
-6.081534087817256e-10,-6.552793248499945e-10,-6.350661190076331e-10,1.0,-6.610162858841405e-10,1.0,231,32
5.645567750171348e-11,1.9731916508851817e-10,1.2747468540346462e-10,1.0,1.66912942085408e-11,1.0,232,32
4.9494089498317774e-11,4.983301236639977e-10,2.721438470480318e-10,1.0,4.855768173857372e-10,1.0,233,32
5.750375728814725e-10,3.9261712268276404e-10,4.846260722878337e-10,1.0,1.1657484466395818e-10,1.0,234,32
4.1830286882687297e-10,2.105181109294624e-09,1.2596272662237612e-09,1.0,2.422579874843913e-10,1.0,235,32
1.447511488830416e-10,3.7622346867511083e-10,2.5866377162182765e-10,1.0,6.163466854255874e-10,1.0,236,32
1.164485716730604e-10,9.205645728089924e-10,5.20490790171356e-10,1.0,2.474811511570896e-10,1.0,237,32
1.1846259532121622e-09,1.5115454878605271e-09,1.350209659441327e-09,1.0,-4.8774563073697993e-11,1.0,238,32
1.0226825229821128e-09,3.970795083248629e-10,7.089534123069352e-10,1.0,3.160229307381475e-10,1.0,239,32
-1.2088068536705194e-10,-1.237198627458076e-10,-1.218996900595232e-10,1.0,4.245995254339163e-10,1.0,240,32
1.6343311178933772e-11,4.61191555586586e-10,2.393358484347684e-10,1.0,1.0311111480891918e-09,1.0,241,32
-6.524509522962906e-10,-5.407602143795816e-10,-5.962803285521048e-10,1.0,-6.040066771334115e-10,1.0,242,32
-3.0251026821292016e-10,8.294272631412724e-11,-1.118477298667882e-10,1.0,-3.2819155758976977e-10,1.0,243,32
-4.469136674633157e-10,-4.492408103962511e-10,-4.484838064454224e-10,1.0,-4.275694070555681e-10,1.0,244,32
1.3265673264659505e-10,1.758358847286794e-10,1.424124763556497e-10,1.0,1.190690512034227e-10,1.0,245,32
-4.859469362117243e-10,4.206894360255618e-10,-2.9061918201429158e-11,1.0,-1.4723080084111408e-09,1.0,246,32
-6.796175935079363e-10,2.0845904357065727e-10,-2.3865155302116766e-10,1.0,-4.473509493857857e-10,1.0,247,32
9.845744242020918e-11,8.646402832709336e-10,4.83731635593115e-10,1.0,4.978348947492864e-10,1.0,248,32
-9.61519451097179e-10,-6.07322238687452e-10,-7.83137695455688e-10,1.0,-9.077059647210102e-10,1.0,249,32
-4.86173105021423e-11,8.45762672660102e-10,4.004028908014531e-10,1.0,1.0385147379717992e-09,1.0,250,32
9.790232812145832e-11,1.851714043137969e-09,9.777913246017433e-10,1.0,1.8467607356296072e-10,1.0,251,32
1.978877410144003e-11,-1.1177482747020993e-10,-4.6522693144838803e-11,1.0,-8.846106787897002e-11,1.0,252,32
-1.4574965725911607e-10,-1.0716736319752502e-10,-1.263285042522729e-10,1.0,9.92990381915356e-10,1.0,253,32
-1.7583666145673704e-10,-3.402229309221727e-10,-2.5735385776905783e-10,1.0,2.1211809070003875e-10,1.0,254,32
-4.500981231569156e-10,3.998106052920924e-10,-3.0057501221980466e-11,1.0,-8.574555526663701e-10,1.0,255,32
-1.2193100545508607e-09,-1.027328422990965e-09,-1.122862651865229e-09,1.0,-6.902666304917329e-10,1.0,256,32
-1.1955573912266044e-10,-9.840793082195998e-11,-1.0892730341004949e-10,1.0,-3.7124159567464415e-11,1.0,257,32
-8.761018980911302e-11,-7.994642956519912e-11,-8.367663142903614e-11,1.0,-1.1131597787279206e-10,1.0,258,32
-1.7923386300353012e-10,1.0190473549466155e-10,-3.808447225475976e-11,1.0,5.6213782302002e-10,1.0,259,32
-5.928732226013519e-10,-3.3931977913472433e-10,-4.660769491375197e-10,1.0,-5.268652996626643e-10,1.0,260,32
6.268772655624052e-11,1.2672505661988445e-10,9.413778090537104e-11,1.0,6.842648165422412e-11,1.0,261,32
-1.0585293196661713e-12,-3.9966252024799094e-11,-2.0470830448322795e-11,1.0,1.6567858044329377e-10,1.0,262,32
-1.0244572282136717e-09,-8.81448720524994e-10,-9.527920832554362e-10,1.0,-9.908140535341013e-10,1.0,263,32
3.871262646660329e-12,3.134571830145551e-11,1.7449279566147177e-11,1.0,6.603783650266401e-10,1.0,264,32
-3.1919858777084073e-11,2.710771363260884e-11,-2.6935760931363696e-12,1.0,1.4487771836732373e-09,1.0,265,32
-1.848720364326549e-10,-1.4663282297417578e-10,-1.653697456065606e-10,1.0,-1.7677124107071276e-10,1.0,266,32
-5.241280390813942e-10,-5.439939360986175e-10,-5.342294741177752e-10,1.0,-5.6362216519003e-10,1.0,267,32
-1.3067000969257292e-09,-9.322976233530561e-10,-1.1183879970793101e-09,1.0,-9.359133014023521e-10,1.0,268,32
-7.985007390667437e-10,-4.037901494555139e-11,-4.18094958548743e-10,1.0,5.676699602967432e-10,1.0,269,32
3.95978677525731e-10,9.504334021487258e-10,6.7137629011867e-10,1.0,-1.039161940041774e-10,1.0,270,32
-1.4510906741532114e-10,-1.931707215793151e-10,-1.6997937740758675e-10,1.0,1.20815313111143e-10,1.0,271,32
-1.0135978248159937e-09,-9.99226966242214e-10,-1.0066166573001203e-09,1.0,-1.0243074635169466e-09,1.0,272,32
-1.1826306684503776e-09,-1.0903236184148794e-09,-1.1367232182585925e-09,1.0,-1.239030654683543e-09,1.0,273,32
-6.938168729787226e-10,4.4765664980118355e-11,-3.22751494919986e-10,1.0,-5.536632006201623e-10,1.0,274,32
1.1003451610144969e-10,-2.5222845260779007e-11,4.289710813064313e-11,1.0,-3.4074466597542264e-11,1.0,275,32
1.3267375212351892e-11,9.927451082133353e-11,5.674328148733909e-11,1.0,2.549882001514231e-10,1.0,276,32
-2.4607048427463643e-10,-3.256474663113909e-11,-1.3919756223911196e-10,1.0,-1.5726398112512306e-10,1.0,277,32
-1.5039979192822323e-11,-2.118674508333079e-10,-1.1308112434900708e-10,1.0,6.167367755100806e-10,1.0,278,32
-6.691929476157594e-10,-6.639569735512179e-10,-6.663260390064797e-10,1.0,-9.194069418661029e-11,1.0,279,32
6.200678678218073e-11,2.794847224918999e-11,4.416163448911113e-11,1.0,7.353260566029055e-10,1.0,280,32
-4.4803315153634625e-10,-4.2491890532782956e-10,-4.4415992456258355e-10,1.0,-1.1473240216790917e-09,1.0,281,32
-4.0620188127350913e-10,-4.4422777988553197e-10,-4.249785153811841e-10,1.0,5.20629777031365e-10,1.0,282,32
-4.344579766263462e-10,-3.938267452139954e-10,-4.1346607925958136e-10,1.0,-6.012248588260846e-10,1.0,283,32
-2.0396969861296893e-09,-1.2344942315065835e-09,-1.6411365266554493e-09,1.0,-2.439974816859125e-09,1.0,284,32
7.561974110584446e-12,5.439620585420575e-10,2.765419722156707e-10,1.0,7.334950968402726e-10,1.0,285,32
2.8161570494889606e-10,7.662761913216414e-10,5.232945512154531e-10,1.0,-4.3525687374702764e-11,1.0,286,32
8.90621432263011e-11,1.1948266218952932e-09,6.446644944395482e-10,1.0,1.0305997909711196e-09,1.0,287,32
4.504426844908093e-10,1.6912520570455745e-09,1.0712461251788015e-09,1.0,8.098891746083554e-11,1.0,288,32
-4.0441360600337414e-11,-5.893587480709713e-11,-4.964869796913217e-11,1.0,-4.287716205728961e-11,1.0,289,32
-1.6270851596642484e-09,-8.344490408293091e-10,-1.2308107670344536e-09,1.0,-1.6160585937368805e-09,1.0,290,32
5.237616247583899e-10,7.817207357347067e-10,6.51949937948551e-10,1.0,8.776128560313014e-10,1.0,291,32
8.766535312725996e-11,9.176816904779176e-10,5.010008181326806e-10,1.0,2.5612023547401e-10,1.0,292,32
1.7551059924766365e-10,-1.4681671989730592e-10,1.492377771247648e-11,1.0,-4.433450960140225e-11,1.0,293,32
1.7579877328996285e-10,1.0253380604099128e-09,5.994617334631777e-10,1.0,1.7541177640634114e-10,1.0,294,32
-7.146851424614639e-10,1.3879454790682762e-10,-2.870350699793892e-10,1.0,-4.838075431328924e-10,1.0,295,32
-1.5197719583269673e-09,-1.1917469301992078e-09,-1.3553112335886692e-09,1.0,-1.3931451407753143e-09,1.0,296,32
1.5562725962744737e-10,-2.155162927677718e-12,6.851988045451351e-11,1.0,7.834853709082848e-10,1.0,297,32
3.093894664411416e-11,1.2901599190916691e-09,6.625992247207672e-10,1.0,1.2790390732693066e-10,1.0,298,32
4.471376477826435e-11,1.4147131499000677e-10,9.351896265279601e-11,1.0,2.823609837078748e-10,1.0,299,32
-1.7684427184170516e-11,-9.539440726507916e-12,-1.3628981182624193e-11,1.0,2.4656121288838275e-10,1.0,300,32
-5.5482984007988157e-11,5.163344020876134e-10,2.3176058451330774e-10,1.0,4.901177455579271e-11,1.0,301,32
-6.499794568994428e-10,-1.0611026772756866e-10,-3.7788663029749784e-10,1.0,-7.621536675971892e-10,1.0,302,32
-5.179267524228314e-10,-5.992184203049242e-10,-5.585362131690273e-10,1.0,7.040154604790703e-11,1.0,303,32
-3.1053053566864e-09,-3.071932407869408e-09,-3.088430732196631e-09,1.0,-2.7759304061035354e-09,1.0,304,32
-1.6956647283826987e-10,-1.023203516600556e-10,-1.351968142649426e-10,1.0,1.5965207598589337e-09,1.0,305,32
-2.7076272217103294e-10,1.102758351351486e-09,4.1818566246638017e-10,1.0,3.8822765743991073e-10,0.0,306,32
2.80240225017379e-12,2.5721067158104115e-10,1.3002905658076905e-10,1.0,2.455245919708386e-10,1.0,307,32
-4.668803855841632e-11,7.101450903525475e-10,3.3331976152149933e-10,1.0,1.004897528551726e-09,1.0,308,32
1.307365864377168e-09,4.5334288865453987e-10,8.698576691371675e-10,1.0,3.519622367162244e-10,1.0,309,32
-9.289103975737918e-11,-8.49950127925329e-10,-4.684500230330566e-10,1.0,-3.3487812290868915e-10,1.0,310,32
1.9609356369975986e-10,4.1326548838336176e-11,1.1890996520160812e-10,1.0,5.076722978532627e-10,1.0,311,32
4.361999097792291e-10,1.6391349290388257e-10,3.0017615996826976e-10,1.0,2.1099377779599724e-10,1.0,312,32
-5.191466267522819e-10,-5.670917948399232e-10,-5.427256632340539e-10,1.0,2.417957379721283e-10,1.0,313,32
-6.07448543448191e-10,-2.299477313469056e-10,-4.176710589110275e-10,1.0,-6.098098156398988e-10,1.0,314,32
-3.0721646569676486e-10,-1.7340854503679132e-10,-2.4038877581050404e-10,1.0,2.2746526222098333e-10,1.0,315,32
3.970923751983957e-10,1.5199223886880824e-09,9.554039494742478e-10,1.0,8.633410225854147e-10,1.0,316,32
1.4059364873501624e-10,-1.2542693444370105e-10,7.764687895421768e-12,1.0,4.819340805583245e-10,1.0,317,32
1.7230587139367583e-10,2.672935258967187e-10,2.2132553607911285e-10,1.0,-1.2055888746832969e-10,1.0,318,32
-3.5427603311975354e-10,1.09554760722695e-11,-1.7038272442051666e-10,1.0,-1.6559175178385292e-10,1.0,319,32
2.362619699140248e-09,-4.676586901379908e-11,1.1588836506976693e-09,1.0,3.123711480633943e-10,1.0,320,32
